date,PriceUSD
2015-08-08,1.19999
2015-08-09,1.19999
2015-08-10,1.19999
2015-08-11,0.99
2015-08-12,1.288
2015-08-13,1.8848
2015-08-14,1.79504
2015-08-15,1.78222
2015-08-16,1.53307
2015-08-17,1.29638
2015-08-18,1.08419
2015-08-19,1.24
2015-08-20,1.5218
2015-08-21,1.43588
2015-08-22,1.4
2015-08-23,1.35
2015-08-24,1.23804
2015-08-25,1.27119
2015-08-26,1.18
2015-08-27,1.13646
2015-08-28,1.295
2015-08-29,1.179
2015-08-30,1.32
2015-08-31,1.30651
2015-09-01,1.36
2015-09-02,1.30828
2015-09-03,1.23357
2015-09-04,1.23357
2015-09-05,1.36287
2015-09-06,1.34
2015-09-07,1.27561
2015-09-08,1.26349
2015-09-09,1.21
2015-09-10,1.1857
2015-09-11,0.927716
2015-09-12,1.14639
2015-09-13,0.88557
2015-09-14,0.955
2015-09-15,0.95
2015-09-16,0.93634
2015-09-17,0.875
2015-09-18,0.85226
2015-09-19,0.883689
2015-09-20,0.94116
2015-09-21,0.94116
2015-09-22,0.80588
2015-09-23,0.91
2015-09-24,0.8
2015-09-25,0.68233
2015-09-26,0.77032
2015-09-27,0.70077
2015-09-28,0.604208
2015-09-29,0.68163
2015-09-30,0.713644
2015-10-01,0.654723
2015-10-02,0.66467
2015-10-03,0.6796
2015-10-04,0.60954
2015-10-05,0.60777
2015-10-06,0.65114
2015-10-07,0.6
2015-10-08,0.633799
2015-10-09,0.635191
2015-10-10,0.635191
2015-10-11,0.59931
2015-10-12,0.63
2015-10-13,0.601639
2015-10-14,0.483236
2015-10-15,0.559862
2015-10-16,0.525
2015-10-17,0.52299
2015-10-18,0.505
2015-10-19,0.49948
2015-10-20,0.440035
2015-10-21,0.42
2015-10-22,0.546184
2015-10-23,0.56491
2015-10-24,0.55606
2015-10-25,0.624365
2015-10-26,0.70052
2015-10-27,0.83
2015-10-28,0.99
2015-10-29,1.17941
2015-10-30,1.12067
2015-10-31,0.889343
2015-11-01,0.99
2015-11-02,0.9878
2015-11-03,1.04736
2015-11-04,0.799
2015-11-05,0.87638
2015-11-06,0.959653
2015-11-07,0.91185
2015-11-08,1
2015-11-09,0.998
2015-11-10,0.901915
2015-11-11,0.750047
2015-11-12,0.88
2015-11-13,0.899984
2015-11-14,0.88
2015-11-15,0.91
2015-11-16,0.914427
2015-11-17,0.999285
2015-11-18,0.996754
2015-11-19,0.94
2015-11-20,0.92
2015-11-21,0.96
2015-11-22,0.97
2015-11-23,0.92
2015-11-24,0.910015
2015-11-25,0.87
2015-11-26,0.858833
2015-11-27,0.88
2015-11-28,0.907558
2015-11-29,0.87
2015-11-30,0.88
2015-12-01,0.863293
2015-12-02,0.82
2015-12-03,0.83
2015-12-04,0.84
2015-12-05,0.86993
2015-12-06,0.82499
2015-12-07,0.789944
2015-12-08,0.79461
2015-12-09,0.80511
2015-12-10,0.84374
2015-12-11,0.8998
2015-12-12,0.96
2015-12-13,0.91994
2015-12-14,0.99
2015-12-15,1
2015-12-16,0.8671
2015-12-17,0.94
2015-12-18,0.9
2015-12-19,0.893521
2015-12-20,0.96
2015-12-21,0.91
2015-12-22,0.88
2015-12-23,0.87093
2015-12-24,0.87
2015-12-25,0.865925
2015-12-26,0.853
2015-12-27,0.86893
2015-12-28,0.842446
2015-12-29,0.86
2015-12-30,0.896516
2015-12-31,0.94884
2016-01-01,0.92037
2016-01-02,0.94999
2016-01-03,0.957063
2016-01-04,0.95
2016-01-05,0.9426
2016-01-06,0.95
2016-01-07,0.939947
2016-01-08,0.985
2016-01-09,0.96991
2016-01-10,1
2016-01-11,1.07091
2016-01-12,1.17745
2016-01-13,1.13743
2016-01-14,1.16592
2016-01-15,1.29089
2016-01-16,1.21179
2016-01-17,1.31094
2016-01-18,1.46624
2016-01-19,1.35305
2016-01-20,1.45662
2016-01-21,1.49593
2016-01-22,1.52
2016-01-23,2.01225
2016-01-24,2.10138
2016-01-25,2.53372
2016-01-26,2.38059
2016-01-27,2.40131
2016-01-28,2.54645
2016-01-29,2.48764
2016-01-30,2.44067
2016-01-31,2.24267
2016-02-01,2.1674
2016-02-02,2.44653
2016-02-03,2.53
2016-02-04,2.55007
2016-02-05,2.56451
2016-02-06,2.54902
2016-02-07,2.89807
2016-02-08,3.18377
2016-02-09,3.89348
2016-02-10,4.37768
2016-02-11,5.87194
2016-02-12,5.4704
2016-02-13,5.21879
2016-02-14,5.15584
2016-02-15,5.15269
2016-02-16,4.26237
2016-02-17,3.81098
2016-02-18,4.36683
2016-02-19,4.58564
2016-02-20,4.35049
2016-02-21,4.62443
2016-02-22,5.59371
2016-02-23,5.60994
2016-02-24,6.23428
2016-02-25,6.07227
2016-02-26,5.87555
2016-02-27,6.31073
2016-02-28,6.49884
2016-02-29,6.33325
2016-03-01,7.52638
2016-03-02,8.51879
2016-03-03,9.28491
2016-03-04,9.9787
2016-03-05,10.751
2016-03-06,10.9844
2016-03-07,9.47688
2016-03-08,9.77285
2016-03-09,11.8171
2016-03-10,11.1657
2016-03-11,11.1229
2016-03-12,13.2837
2016-03-13,14.3401
2016-03-14,12.3114
2016-03-15,13.0423
2016-03-16,12.7028
2016-03-17,11.0503
2016-03-18,10.8461
2016-03-19,10.5016
2016-03-20,10.2406
2016-03-21,11.8348
2016-03-22,11.296
2016-03-23,12.4052
2016-03-24,11.1678
2016-03-25,10.6561
2016-03-26,11.0021
2016-03-27,10.3864
2016-03-28,11.6568
2016-03-29,11.689
2016-03-30,11.8663
2016-03-31,11.3805
2016-04-01,11.6347
2016-04-02,11.6253
2016-04-03,11.6097
2016-04-04,11.1254
2016-04-05,10.4364
2016-04-06,10.7241
2016-04-07,10.0923
2016-04-08,9.71449
2016-04-09,9.10883
2016-04-10,8.87182
2016-04-11,8.69526
2016-04-12,7.49496
2016-04-13,8.04542
2016-04-14,8.45584
2016-04-15,8.21057
2016-04-16,8.57401
2016-04-17,9.3385
2016-04-18,8.98709
2016-04-19,8.74755
2016-04-20,8.50509
2016-04-21,8.15182
2016-04-22,7.90674
2016-04-23,8.41248
2016-04-24,8.00785
2016-04-25,7.51965
2016-04-26,7.43244
2016-04-27,7.79293
2016-04-28,7.25402
2016-04-29,7.44984
2016-04-30,8.81712
2016-05-01,8.77975
2016-05-02,10.0713
2016-05-03,9.36255
2016-05-04,9.37736
2016-05-05,9.76752
2016-05-06,9.37614
2016-05-07,9.38955
2016-05-08,9.50256
2016-05-09,9.35557
2016-05-10,9.39207
2016-05-11,9.93194
2016-05-12,10.0866
2016-05-13,10.602
2016-05-14,10.2317
2016-05-15,9.98071
2016-05-16,11.1142
2016-05-17,12.1861
2016-05-18,13.3669
2016-05-19,14.4955
2016-05-20,13.6553
2016-05-21,14.007
2016-05-22,14.2251
2016-05-23,13.3381
2016-05-24,12.7535
2016-05-25,12.523
2016-05-26,12.527
2016-05-27,11.2072
2016-05-28,11.8741
2016-05-29,12.382
2016-05-30,12.6809
2016-05-31,14.0467
2016-06-01,13.9132
2016-06-02,13.8279
2016-06-03,13.8906
2016-06-04,13.724
2016-06-05,13.9327
2016-06-06,13.9915
2016-06-07,14.5364
2016-06-08,14.5037
2016-06-09,14.4792
2016-06-10,13.9495
2016-06-11,14.2296
2016-06-12,15.7742
2016-06-13,17.673
2016-06-14,18.7375
2016-06-15,18.4093
2016-06-16,20.7289
2016-06-17,15.4545
2016-06-18,11.2596
2016-06-19,12.3185
2016-06-20,11.6931
2016-06-21,13.0507
2016-06-22,13.2262
2016-06-23,13.7982
2016-06-24,14.3846
2016-06-25,14.349
2016-06-26,13.8508
2016-06-27,14.0692
2016-06-28,12.188
2016-06-29,12.7123
2016-06-30,12.4568
2016-07-01,12.2765
2016-07-02,12.1115
2016-07-03,11.8082
2016-07-04,11.4186
2016-07-05,10.5197
2016-07-06,10.559
2016-07-07,10.1133
2016-07-08,11.3497
2016-07-09,10.953
2016-07-10,10.9615
2016-07-11,10.5665
2016-07-12,10.5533
2016-07-13,10.4473
2016-07-14,11.5364
2016-07-15,11.9935
2016-07-16,11.7187
2016-07-17,11.2567
2016-07-18,11.0827
2016-07-19,11.6756
2016-07-20,12.5035
2016-07-21,12.7456
2016-07-22,14.8249
2016-07-23,14.4445
2016-07-24,12.7206
2016-07-25,13.8403
2016-07-26,11.9633
2016-07-27,13.0616
2016-07-28,12.8882
2016-07-29,12.878
2016-07-30,12.5188
2016-07-31,11.9461
2016-08-01,11.007
2016-08-02,8.35611
2016-08-03,10.542
2016-08-04,11.2605
2016-08-05,11.1666
2016-08-06,10.9901
2016-08-07,11.0233
2016-08-08,11.3099
2016-08-09,12.3071
2016-08-10,12.0946
2016-08-11,11.7054
2016-08-12,11.798
2016-08-13,11.5771
2016-08-14,11.2606
2016-08-15,11.1595
2016-08-16,11.1599
2016-08-17,10.8013
2016-08-18,10.757
2016-08-19,10.7463
2016-08-20,11.2955
2016-08-21,11.1616
2016-08-22,11.0871
2016-08-23,10.9988
2016-08-24,11.0161
2016-08-25,11.3389
2016-08-26,11.2795
2016-08-27,11.1838
2016-08-28,11.0071
2016-08-29,10.9581
2016-08-30,11.251
2016-08-31,11.6065
2016-09-01,12.1158
2016-09-02,12.1419
2016-09-03,11.8945
2016-09-04,11.7517
2016-09-05,11.7741
2016-09-06,11.7259
2016-09-07,11.5864
2016-09-08,11.41
2016-09-09,11.6603
2016-09-10,12.1513
2016-09-11,11.6626
2016-09-12,11.9029
2016-09-13,11.9359
2016-09-14,11.9219
2016-09-15,11.977
2016-09-16,12.6066
2016-09-17,12.8098
2016-09-18,12.4434
2016-09-19,13.0278
2016-09-20,14.7165
2016-09-21,13.7704
2016-09-22,13.1967
2016-09-23,13.3695
2016-09-24,12.9614
2016-09-25,13.0855
2016-09-26,12.8621
2016-09-27,13.0981
2016-09-28,13.3183
2016-09-29,13.1335
2016-09-30,13.2597
2016-10-01,13.2374
2016-10-02,13.284
2016-10-03,13.5005
2016-10-04,13.326
2016-10-05,13.0835
2016-10-06,12.873
2016-10-07,12.6904
2016-10-08,12.2435
2016-10-09,12.0858
2016-10-10,11.7732
2016-10-11,11.7648
2016-10-12,11.8266
2016-10-13,11.9586
2016-10-14,11.905
2016-10-15,11.9571
2016-10-16,11.9618
2016-10-17,11.9689
2016-10-18,12.5501
2016-10-19,11.9925
2016-10-20,12.0625
2016-10-21,12.0819
2016-10-22,12.0439
2016-10-23,11.957
2016-10-24,11.9264
2016-10-25,11.3266
2016-10-26,11.494
2016-10-27,11.4759
2016-10-28,11.1284
2016-10-29,10.4133
2016-10-30,11.2365
2016-10-31,10.977
2016-11-01,10.8072
2016-11-02,10.8341
2016-11-03,10.8689
2016-11-04,11.1542
2016-11-05,11.1425
2016-11-06,10.9939
2016-11-07,10.9157
2016-11-08,10.8588
2016-11-09,10.6575
2016-11-10,10.5204
2016-11-11,10.2901
2016-11-12,9.88841
2016-11-13,10.1177
2016-11-14,10.0172
2016-11-15,10.2417
2016-11-16,10.0226
2016-11-17,9.93873
2016-11-18,9.51819
2016-11-19,9.70049
2016-11-20,9.58891
2016-11-21,9.53756
2016-11-22,9.85381
2016-11-23,9.79015
2016-11-24,9.22138
2016-11-25,9.41386
2016-11-26,9.31206
2016-11-27,8.91464
2016-11-28,8.68169
2016-11-29,8.16834
2016-11-30,8.60722
2016-12-01,8.45639
2016-12-02,7.67124
2016-12-03,7.89398
2016-12-04,7.47449
2016-12-05,6.73352
2016-12-06,7.777
2016-12-07,8.35539
2016-12-08,8.26427
2016-12-09,8.49243
2016-12-10,8.12186
2016-12-11,8.2297
2016-12-12,8.52116
2016-12-13,8.41006
2016-12-14,8.23989
2016-12-15,7.81255
2016-12-16,7.85751
2016-12-17,7.7968
2016-12-18,7.90739
2016-12-19,7.60991
2016-12-20,7.62559
2016-12-21,7.88993
2016-12-22,7.58389
2016-12-23,7.16698
2016-12-24,7.24266
2016-12-25,7.20135
2016-12-26,7.24033
2016-12-27,7.15374
2016-12-28,7.62362
2016-12-29,8.30259
2016-12-30,8.21894
2016-12-31,8.12633
2017-01-01,8.17785
2017-01-02,8.37846
2017-01-03,9.69747
2017-01-04,11.0686
2017-01-05,10.2248
2017-01-06,10.1258
2017-01-07,9.92474
2017-01-08,10.4386
2017-01-09,10.3648
2017-01-10,10.6284
2017-01-11,9.97243
2017-01-12,9.77226
2017-01-13,9.81303
2017-01-14,9.77887
2017-01-15,9.87138
2017-01-16,9.61364
2017-01-17,10.2436
2017-01-18,10.2418
2017-01-19,10.4346
2017-01-20,10.6508
2017-01-21,10.9622
2017-01-22,10.7041
2017-01-23,10.7988
2017-01-24,10.546
2017-01-25,10.5133
2017-01-26,10.6259
2017-01-27,10.5341
2017-01-28,10.5639
2017-01-29,10.495
2017-01-30,10.5793
2017-01-31,10.7061
2017-02-01,10.7228
2017-02-02,10.828
2017-02-03,10.9571
2017-02-04,11.396
2017-02-05,11.2444
2017-02-06,11.3367
2017-02-07,11.4869
2017-02-08,11.4008
2017-02-09,10.9899
2017-02-10,11.3734
2017-02-11,11.4835
2017-02-12,11.4637
2017-02-13,11.3889
2017-02-14,13.0941
2017-02-15,13.0143
2017-02-16,12.8855
2017-02-17,12.7742
2017-02-18,12.8983
2017-02-19,12.8614
2017-02-20,12.7023
2017-02-21,12.8127
2017-02-22,12.7349
2017-02-23,13.2532
2017-02-24,13.1776
2017-02-25,13.6454
2017-02-26,14.659
2017-02-27,15.6568
2017-02-28,15.6534
2017-03-01,17.2657
2017-03-02,19.2046
2017-03-03,19.6547
2017-03-04,18.6842
2017-03-05,19.3011
2017-03-06,19.731
2017-03-07,18.8391
2017-03-08,16.6778
2017-03-09,17.7981
2017-03-10,19.1809
2017-03-11,21.4462
2017-03-12,23.2196
2017-03-13,28.5448
2017-03-14,28.5762
2017-03-15,34.6732
2017-03-16,44.7766
2017-03-17,44.1278
2017-03-18,32.2417
2017-03-19,43.3433
2017-03-20,41.827
2017-03-21,42.3989
2017-03-22,41.1991
2017-03-23,43.141
2017-03-24,52.9881
2017-03-25,50.1573
2017-03-26,50.3806
2017-03-27,48.8408
2017-03-28,50.2166
2017-03-29,52.9549
2017-03-30,51.838
2017-03-31,50.0319
2017-04-01,50.6856
2017-04-02,48.7943
2017-04-03,44.1242
2017-04-04,44.2335
2017-04-05,45.346
2017-04-06,43.2308
2017-04-07,42.4314
2017-04-08,44.6247
2017-04-09,43.9211
2017-04-10,43.9867
2017-04-11,43.9088
2017-04-12,46.3568
2017-04-13,49.9133
2017-04-14,47.1098
2017-04-15,49.1235
2017-04-16,48.1771
2017-04-17,47.8491
2017-04-18,49.8912
2017-04-19,48.0669
2017-04-20,49.3441
2017-04-21,48.5442
2017-04-22,48.6127
2017-04-23,48.8708
2017-04-24,50.1053
2017-04-25,50.2949
2017-04-26,53.5068
2017-04-27,63.384
2017-04-28,73.2897
2017-04-29,70.4783
2017-04-30,80.504
2017-05-01,78.3657
2017-05-02,77.6578
2017-05-03,81.1551
2017-05-04,95.4462
2017-05-05,91.2619
2017-05-06,95.5202
2017-05-07,76.6355
2017-05-08,89.3967
2017-05-09,86.2168
2017-05-10,88.0494
2017-05-11,88.2398
2017-05-12,85.4851
2017-05-13,88.2833
2017-05-14,89.48
2017-05-15,90.8514
2017-05-16,88.2583
2017-05-17,86.8321
2017-05-18,95.8354
2017-05-19,124.608
2017-05-20,124.621
2017-05-21,147.732
2017-05-22,153.635
2017-05-23,169.076
2017-05-24,191.875
2017-05-25,180.691
2017-05-26,164.603
2017-05-27,155.726
2017-05-28,173.217
2017-05-29,193.881
2017-05-30,228.074
2017-05-31,229.103
2017-06-01,220.986
2017-06-02,221.467
2017-06-03,224.307
2017-06-04,245.469
2017-06-05,248.056
2017-06-06,264.404
2017-06-07,256.982
2017-06-08,258.373
2017-06-09,278.429
2017-06-10,344.952
2017-06-11,344.027
2017-06-12,389.194
2017-06-13,387.252
2017-06-14,341.447
2017-06-15,342.119
2017-06-16,352.63
2017-06-17,368.037
2017-06-18,350.534
2017-06-19,357.681
2017-06-20,349.289
2017-06-21,320.278
2017-06-22,320.146
2017-06-23,325.992
2017-06-24,304.769
2017-06-25,276.242
2017-06-26,255.033
2017-06-27,281.082
2017-06-28,317.776
2017-06-29,293.999
2017-06-30,276.847
2017-07-01,261.219
2017-07-02,286.533
2017-07-03,276.382
2017-07-04,269.405
2017-07-05,266.262
2017-07-06,266.656
2017-07-07,240.161
2017-07-08,244.196
2017-07-09,237.961
2017-07-10,203.668
2017-07-11,192.892
2017-07-12,220.375
2017-07-13,205.862
2017-07-14,197.247
2017-07-15,170.575
2017-07-16,155.121
2017-07-17,189.222
2017-07-18,228.788
2017-07-19,191.652
2017-07-20,224.107
2017-07-21,216.214
2017-07-22,231.984
2017-07-23,228.564
2017-07-24,225.714
2017-07-25,204.267
2017-07-26,202.457
2017-07-27,202.89
2017-07-28,191.488
2017-07-29,205.995
2017-07-30,196.772
2017-07-31,200.761
2017-08-01,225.736
2017-08-02,217.585
2017-08-03,224.029
2017-08-04,221.471
2017-08-05,248.94
2017-08-06,266.031
2017-08-07,269.646
2017-08-08,294.522
2017-08-09,296.829
2017-08-10,301.437
2017-08-11,309.865
2017-08-12,309.254
2017-08-13,297.043
2017-08-14,299.9
2017-08-15,286.238
2017-08-16,300.581
2017-08-17,301.526
2017-08-18,292.571
2017-08-19,294.006
2017-08-20,297.947
2017-08-21,320.268
2017-08-22,314.667
2017-08-23,317.911
2017-08-24,324.405
2017-08-25,330.23
2017-08-26,332.433
2017-08-27,345.159
2017-08-28,347.312
2017-08-29,373.27
2017-08-30,385.096
2017-08-31,388.629
2017-09-01,391.601
2017-09-02,349.101
2017-09-03,352.874
2017-09-04,313.26
2017-09-05,321.674
2017-09-06,338.425
2017-09-07,336.414
2017-09-08,310.015
2017-09-09,305.233
2017-09-10,301.329
2017-09-11,298.01
2017-09-12,293.928
2017-09-13,276.957
2017-09-14,225.337
2017-09-15,258.9
2017-09-16,255.184
2017-09-17,259.595
2017-09-18,296.59
2017-09-19,284.686
2017-09-20,284.784
2017-09-21,258.717
2017-09-22,263.593
2017-09-23,285.099
2017-09-24,284.711
2017-09-25,294.606
2017-09-26,288.873
2017-09-27,310.387
2017-09-28,302.474
2017-09-29,291.484
2017-09-30,301.654
2017-10-01,302.921
2017-10-02,296.383
2017-10-03,291.627
2017-10-04,292.153
2017-10-05,295.104
2017-10-06,307.366
2017-10-07,311.54
2017-10-08,308.811
2017-10-09,296.17
2017-10-10,297.806
2017-10-11,302.037
2017-10-12,302.722
2017-10-13,336.119
2017-10-14,339.24
2017-10-15,335.293
2017-10-16,334.387
2017-10-17,315.674
2017-10-18,313.293
2017-10-19,308.361
2017-10-20,304.105
2017-10-21,299.964
2017-10-22,294.862
2017-10-23,285.272
2017-10-24,297.201
2017-10-25,297.964
2017-10-26,296.137
2017-10-27,297.076
2017-10-28,295.061
2017-10-29,304.337
2017-10-30,306.157
2017-10-31,304.759
2017-11-01,290.52
2017-11-02,284.507
2017-11-03,305.859
2017-11-04,300.037
2017-11-05,296.309
2017-11-06,297.987
2017-11-07,292.059
2017-11-08,309.827
2017-11-09,319.446
2017-11-10,299.664
2017-11-11,316.148
2017-11-12,307.177
2017-11-13,315.537
2017-11-14,334.214
2017-11-15,330.784
2017-11-16,329.662
2017-11-17,332.277
2017-11-18,347.43
2017-11-19,355.932
2017-11-20,369.56
2017-11-21,361.197
2017-11-22,380.819
2017-11-23,414.98
2017-11-24,473.451
2017-11-25,466.803
2017-11-26,472.278
2017-11-27,477.648
2017-11-28,467.924
2017-11-29,429.047
2017-11-30,438.559
2017-12-01,461.586
2017-12-02,459.857
2017-12-03,464.386
2017-12-04,466.9
2017-12-05,458.077
2017-12-06,434.234
2017-12-07,431.75
2017-12-08,462.934
2017-12-09,483.06
2017-12-10,444.878
2017-12-11,506.338
2017-12-12,683.906
2017-12-13,701.598
2017-12-14,698.089
2017-12-15,689.464
2017-12-16,697.828
2017-12-17,729.331
2017-12-18,787.729
2017-12-19,823.847
2017-12-20,797.287
2017-12-21,793.749
2017-12-22,682.335
2017-12-23,725.151
2017-12-24,688.891
2017-12-25,737.895
2017-12-26,750.003
2017-12-27,740.722
2017-12-28,716.353
2017-12-29,747.1
2017-12-30,713.783
2017-12-31,742.255
2018-01-01,756.072
2018-01-02,863.918
2018-01-03,943.648
2018-01-04,952.355
2018-01-05,958.553
2018-01-06,1006.16
2018-01-07,1102.89
2018-01-08,1134.7
2018-01-09,1288.41
2018-01-10,1231.77
2018-01-11,1128.56
2018-01-12,1257.23
2018-01-13,1380.14
2018-01-14,1361.92
2018-01-15,1281.72
2018-01-16,1061.19
2018-01-17,1012.62
2018-01-18,1018.77
2018-01-19,1029.93
2018-01-20,1151.95
2018-01-21,1039.42
2018-01-22,992.037
2018-01-23,985.213
2018-01-24,1047.12
2018-01-25,1043.62
2018-01-26,1040.47
2018-01-27,1092.77
2018-01-28,1214.83
2018-01-29,1162.01
2018-01-30,1051.93
2018-01-31,1096.25
2018-02-01,1019.17
2018-02-02,912.821
2018-02-03,960.894
2018-02-04,836.672
2018-02-05,692.763
2018-02-06,789.043
2018-02-07,754.537
2018-02-08,808.451
2018-02-09,873.567
2018-02-10,850.715
2018-02-11,814.783
2018-02-12,867.572
2018-02-13,840.091
2018-02-14,920.464
2018-02-15,929.869
2018-02-16,939.339
2018-02-17,975.232
2018-02-18,915.311
2018-02-19,937.84
2018-02-20,885.553
2018-02-21,840.667
2018-02-22,807.077
2018-02-23,855.767
2018-02-24,834.003
2018-02-25,842.312
2018-02-26,865.863
2018-02-27,875.053
2018-02-28,851.324
2018-03-01,869.302
2018-03-02,855.353
2018-03-03,854.388
2018-03-04,861.131
2018-03-05,851.609
2018-03-06,812.346
2018-03-07,751.754
2018-03-08,699.337
2018-03-09,725.311
2018-03-10,684.881
2018-03-11,718.055
2018-03-12,696.739
2018-03-13,689.902
2018-03-14,612.333
2018-03-15,611.166
2018-03-16,604.484
2018-03-17,550.865
2018-03-18,538.261
2018-03-19,550.138
2018-03-20,555.637
2018-03-21,557.398
2018-03-22,539.114
2018-03-23,537.593
2018-03-24,525.082
2018-03-25,522.223
2018-03-26,489.818
2018-03-27,450.55
2018-03-28,445.458
2018-03-29,385.356
2018-03-30,392.467
2018-03-31,394.512
2018-04-01,378.066
2018-04-02,383.398
2018-04-03,415.215
2018-04-04,378.53
2018-04-05,382.701
2018-04-06,369.937
2018-04-07,384.507
2018-04-08,399.416
2018-04-09,396.165
2018-04-10,413.453
2018-04-11,429.797
2018-04-12,493.565
2018-04-13,496.318
2018-04-14,503.221
2018-04-15,531.264
2018-04-16,510.984
2018-04-17,502.127
2018-04-18,524.995
2018-04-19,566.583
2018-04-20,616.317
2018-04-21,605.396
2018-04-22,621.139
2018-04-23,642.582
2018-04-24,705.007
2018-04-25,614.546
2018-04-26,661.797
2018-04-27,648.91
2018-04-28,682.536
2018-04-29,688.306
2018-04-30,667.063
2018-05-01,671.532
2018-05-02,686.612
2018-05-03,778.378
2018-05-04,783.391
2018-05-05,811.356
2018-05-06,784.875
2018-05-07,747.835
2018-05-08,751.671
2018-05-09,748.335
2018-05-10,725.943
2018-05-11,679.532
2018-05-12,685.778
2018-05-13,731.427
2018-05-14,726.422
2018-05-15,706.471
2018-05-16,705.391
2018-05-17,668.045
2018-05-18,693.652
2018-05-19,693.81
2018-05-20,713.592
2018-05-21,697.846
2018-05-22,643.668
2018-05-23,578.23
2018-05-24,600.611
2018-05-25,578.594
2018-05-26,584.287
2018-05-27,570.389
2018-05-28,513.597
2018-05-29,563.903
2018-05-30,556.762
2018-05-31,575.47
2018-06-01,578.828
2018-06-02,591.812
2018-06-03,618.233
2018-06-04,589.883
2018-06-05,607.18
2018-06-06,605.429
2018-06-07,602.159
2018-06-08,600.128
2018-06-09,595.954
2018-06-10,521.277
2018-06-11,529.372
2018-06-12,489.836
2018-06-13,474.451
2018-06-14,517.722
2018-06-15,486.499
2018-06-16,497.322
2018-06-17,495.831
2018-06-18,516.851
2018-06-19,537.075
2018-06-20,535.269
2018-06-21,525.611
2018-06-22,462.967
2018-06-23,475.245
2018-06-24,454.389
2018-06-25,459.194
2018-06-26,432.493
2018-06-27,441.675
2018-06-28,419.791
2018-06-29,436.736
2018-06-30,451.723
2018-07-01,451.798
2018-07-02,475.989
2018-07-03,461.752
2018-07-04,465.729
2018-07-05,467.059
2018-07-06,468.513
2018-07-07,480.533
2018-07-08,486.132
2018-07-09,471.722
2018-07-10,433.128
2018-07-11,446.347
2018-07-12,423.882
2018-07-13,431.354
2018-07-14,433.919
2018-07-15,448.728
2018-07-16,477.365
2018-07-17,499.439
2018-07-18,479.002
2018-07-19,468.405
2018-07-20,447.558
2018-07-21,461.987
2018-07-22,457.135
2018-07-23,448.956
2018-07-24,478.037
2018-07-25,472.697
2018-07-26,463.433
2018-07-27,469.312
2018-07-28,467.322
2018-07-29,466.919
2018-07-30,455.896
2018-07-31,431.799
2018-08-01,419.02
2018-08-02,410.974
2018-08-03,417.253
2018-08-04,406.419
2018-08-05,408.95
2018-08-06,405.378
2018-08-07,378.56
2018-08-08,354.369
2018-08-09,365.001
2018-08-10,330.642
2018-08-11,322.902
2018-08-12,317.955
2018-08-13,284.392
2018-08-14,276.242
2018-08-15,281.15
2018-08-16,285.766
2018-08-17,314.951
2018-08-18,295.434
2018-08-19,300.065
2018-08-20,271.617
2018-08-21,280.941
2018-08-22,270.081
2018-08-23,275.208
2018-08-24,281.685
2018-08-25,278.424
2018-08-26,273.29
2018-08-27,284.204
2018-08-28,296.626
2018-08-29,288.6
2018-08-30,283.884
2018-08-31,282.216
2018-09-01,294.94
2018-09-02,293.788
2018-09-03,288.642
2018-09-04,285.306
2018-09-05,234.202
2018-09-06,229.095
2018-09-07,215.28
2018-09-08,196.649
2018-09-09,195.589
2018-09-10,196.122
2018-09-11,184.304
2018-09-12,182.669
2018-09-13,212.602
2018-09-14,211.698
2018-09-15,222.813
2018-09-16,220.022
2018-09-17,196.812
2018-09-18,209.52
2018-09-19,209.085
2018-09-20,223.652
2018-09-21,246.733
2018-09-22,240.176
2018-09-23,244.651
2018-09-24,227.8
2018-09-25,217.623
2018-09-26,215.031
2018-09-27,228.437
2018-09-28,221.042
2018-09-29,231.326
2018-09-30,232.216
2018-10-01,229.918
2018-10-02,225.341
2018-10-03,218.986
2018-10-04,220.935
2018-10-05,226.533
2018-10-06,223.67
2018-10-07,224.381
2018-10-08,227.629
2018-10-09,226.366
2018-10-10,223.637
2018-10-11,190.503
2018-10-12,194.234
2018-10-13,196.641
2018-10-14,192.083
2018-10-15,204.846
2018-10-16,205.679
2018-10-17,203.589
2018-10-18,199.104
2018-10-19,200.185
2018-10-20,202.621
2018-10-21,202.198
2018-10-22,200.987
2018-10-23,201.106
2018-10-24,200.549
2018-10-25,199.863
2018-10-26,200.623
2018-10-27,201.418
2018-10-28,202.451
2018-10-29,194.321
2018-10-30,195.659
2018-10-31,196.898
2018-11-01,197.819
2018-11-02,199.85
2018-11-03,198.355
2018-11-04,209.99
2018-11-05,208.076
2018-11-06,218.09
2018-11-07,216.783
2018-11-08,210.643
2018-11-09,208.103
2018-11-10,210.565
2018-11-11,209.064
2018-11-12,208.289
2018-11-13,203.62
2018-11-14,176.674
2018-11-15,177.586
2018-11-16,172.027
2018-11-17,172.326
2018-11-18,174.888
2018-11-19,146.837
2018-11-20,126.7
2018-11-21,134.895
2018-11-22,124.983
2018-11-23,121.465
2018-11-24,111.208
2018-11-25,114.328
2018-11-26,105.976
2018-11-27,108.939
2018-11-28,120.843
2018-11-29,116.45
2018-11-30,111.631
2018-12-01,116.974
2018-12-02,114.874
2018-12-03,107.436
2018-12-04,108.393
2018-12-05,101.133
2018-12-06,90.8128
2018-12-07,92.1289
2018-12-08,90.5991
2018-12-09,92.994
2018-12-10,89.3386
2018-12-11,87.142
2018-12-12,88.8542
2018-12-13,85.0301
2018-12-14,83.0865
2018-12-15,82.8302
2018-12-16,83.7854
2018-12-17,93.8437
2018-12-18,100.278
2018-12-19,99.9495
2018-12-20,114.084
2018-12-21,107.812
2018-12-22,115.23
2018-12-23,129.694
2018-12-24,140.372
2018-12-25,127.92
2018-12-26,130.309
2018-12-27,114.117
2018-12-28,135.222
2018-12-29,140.099
2018-12-30,138.402
2018-12-31,130.79
2019-01-01,139.155
2019-01-02,154.426
2019-01-03,147.062
2019-01-04,153.442
2019-01-05,154.302
2019-01-06,155.94
2019-01-07,150.346
2019-01-08,149.053
2019-01-09,149.63
2019-01-10,126.93
2019-01-11,124.971
2019-01-12,124.329
2019-01-13,115.34
2019-01-14,128.324
2019-01-15,120.33
2019-01-16,122.421
2019-01-17,122.648
2019-01-18,119.485
2019-01-19,123.488
2019-01-20,117.515
2019-01-21,115.919
2019-01-22,117.976
2019-01-23,116.313
2019-01-24,116.326
2019-01-25,114.967
2019-01-26,115.04
2019-01-27,111.822
2019-01-28,105.667
2019-01-29,104.228
2019-01-30,107.67
2019-01-31,105.739
2019-02-01,106.635
2019-02-02,108.571
2019-02-03,106.022
2019-02-04,106.027
2019-02-05,106.136
2019-02-06,103.395
2019-02-07,103.299
2019-02-08,117.501
2019-02-09,118.104
2019-02-10,123.578
2019-02-11,119.727
2019-02-12,120.829
2019-02-13,120.69
2019-02-14,119.681
2019-02-15,120.36
2019-02-16,121.805
2019-02-17,132.806
2019-02-18,144.415
2019-02-19,143.137
2019-02-20,147.192
2019-02-21,143.601
2019-02-22,147.063
2019-02-23,157.53
2019-02-24,135.383
2019-02-25,137.925
2019-02-26,135.726
2019-02-27,133.997
2019-02-28,134.755
2019-03-01,134.865
2019-03-02,132.197
2019-03-03,129.646
2019-03-04,125.12
2019-03-05,135.708
2019-03-06,137.182
2019-03-07,136.142
2019-03-08,132.441
2019-03-09,136.297
2019-03-10,135.226
2019-03-11,132.08
2019-03-12,132.696
2019-03-13,131.134
2019-03-14,131.309
2019-03-15,135.603
2019-03-16,140.629
2019-03-17,138.143
2019-03-18,137.063
2019-03-19,137.928
2019-03-20,138.686
2019-03-21,134.587
2019-03-22,135.893
2019-03-23,136.475
2019-03-24,135.419
2019-03-25,133.093
2019-03-26,133.164
2019-03-27,139.215
2019-03-28,137.337
2019-03-29,142.369
2019-03-30,142.108
2019-03-31,141.277
2019-04-01,141.296
2019-04-02,165.467
2019-04-03,160.24
2019-04-04,157.866
2019-04-05,165.939
2019-04-06,165.409
2019-04-07,174.464
2019-04-08,180.78
2019-04-09,175.958
2019-04-10,177.475
2019-04-11,165.55
2019-04-12,164.892
2019-04-13,164.129
2019-04-14,168.013
2019-04-15,160.557
2019-04-16,166.662
2019-04-17,166.364
2019-04-18,173.546
2019-04-19,173.653
2019-04-20,173.215
2019-04-21,169.946
2019-04-22,171.565
2019-04-23,170.937
2019-04-24,165.142
2019-04-25,152.045
2019-04-26,152.961
2019-04-27,155.727
2019-04-28,153.252
2019-04-29,152.545
2019-04-30,159.939
2019-05-01,158.223
2019-05-02,159.192
2019-05-03,164.695
2019-05-04,162.037
2019-05-05,161.486
2019-05-06,172.069
2019-05-07,170.05
2019-05-08,169.559
2019-05-09,170.25
2019-05-10,172.222
2019-05-11,199.607
2019-05-12,187.184
2019-05-13,195.825
2019-05-14,218.215
2019-05-15,249.061
2019-05-16,263.38
2019-05-17,242.264
2019-05-18,234.841
2019-05-19,261.974
2019-05-20,252.417
2019-05-21,256.818
2019-05-22,244.551
2019-05-23,245.84
2019-05-24,248.839
2019-05-25,251.888
2019-05-26,268.294
2019-05-27,272.616
2019-05-28,271.223
2019-05-29,269.328
2019-05-30,254.294
2019-05-31,266.574
2019-06-01,265.14
2019-06-02,269.967
2019-06-03,251.058
2019-06-04,239.457
2019-06-05,246.338
2019-06-06,247.489
2019-06-07,250.226
2019-06-08,244.626
2019-06-09,231.04
2019-06-10,246.746
2019-06-11,245.801
2019-06-12,259.657
2019-06-13,255.336
2019-06-14,264.763
2019-06-15,269.057
2019-06-16,269.849
2019-06-17,273.714
2019-06-18,263.702
2019-06-19,268.937
2019-06-20,272.138
2019-06-21,294.853
2019-06-22,308.01
2019-06-23,306.554
2019-06-24,309.799
2019-06-25,316.172
2019-06-26,334.035
2019-06-27,293.215
2019-06-28,309.446
2019-06-29,318.53
2019-06-30,291.661
2019-07-01,293.862
2019-07-02,290.572
2019-07-03,302.057
2019-07-04,283.489
2019-07-05,287.859
2019-07-06,287.274
2019-07-07,306.199
2019-07-08,313.326
2019-07-09,308.343
2019-07-10,288.731
2019-07-11,267.537
2019-07-12,275.873
2019-07-13,268.689
2019-07-14,230.336
2019-07-15,230.578
2019-07-16,199.002
2019-07-17,210.931
2019-07-18,227.242
2019-07-19,221.031
2019-07-20,230.672
2019-07-21,225.672
2019-07-22,217.014
2019-07-23,212.361
2019-07-24,216.848
2019-07-25,219.639
2019-07-26,219.365
2019-07-27,206.646
2019-07-28,210.928
2019-07-29,210.841
2019-07-30,210.03
2019-07-31,218.088
2019-08-01,217.353
2019-08-02,217.667
2019-08-03,221.835
2019-08-04,222.789
2019-08-05,232.3
2019-08-06,225.729
2019-08-07,226.043
2019-08-08,220.55
2019-08-09,209.818
2019-08-10,206.324
2019-08-11,215.79
2019-08-12,210.972
2019-08-13,208.598
2019-08-14,186.382
2019-08-15,188.017
2019-08-16,185.578
2019-08-17,185.548
2019-08-18,194.706
2019-08-19,202.767
2019-08-20,196.718
2019-08-21,186.497
2019-08-22,191.596
2019-08-23,194.624
2019-08-24,191.114
2019-08-25,186.324
2019-08-26,188.57
2019-08-27,186.883
2019-08-28,173.176
2019-08-29,168.736
2019-08-30,168.372
2019-08-31,172.178
2019-09-01,171.211
2019-09-02,178.58
2019-09-03,179.234
2019-09-04,174.73
2019-09-05,174.542
2019-09-06,169.231
2019-09-07,178.287
2019-09-08,181.605
2019-09-09,181.388
2019-09-10,179.596
2019-09-11,178.059
2019-09-12,180.847
2019-09-13,181.513
2019-09-14,188.596
2019-09-15,189.444
2019-09-16,197.431
2019-09-17,209.288
2019-09-18,210.721
2019-09-19,221.562
2019-09-20,217.196
2019-09-21,215.5
2019-09-22,211.052
2019-09-23,201.227
2019-09-24,168.438
2019-09-25,169.847
2019-09-26,166.335
2019-09-27,174.084
2019-09-28,173.799
2019-09-29,169.853
2019-09-30,179.509
2019-10-01,176.635
2019-10-02,180.731
2019-10-03,175.467
2019-10-04,176.204
2019-10-05,176.185
2019-10-06,169.855
2019-10-07,181.002
2019-10-08,180.669
2019-10-09,194.229
2019-10-10,191.574
2019-10-11,180.902
2019-10-12,180.32
2019-10-13,181.475
2019-10-14,186.521
2019-10-15,180.283
2019-10-16,174.996
2019-10-17,177.07
2019-10-18,173.131
2019-10-19,171.613
2019-10-20,175.188
2019-10-21,174.198
2019-10-22,171.262
2019-10-23,161.324
2019-10-24,161.024
2019-10-25,181.162
2019-10-26,179.721
2019-10-27,184.572
2019-10-28,182.814
2019-10-29,190.83
2019-10-30,183.277
2019-10-31,182.431
2019-11-01,183.362
2019-11-02,182.999
2019-11-03,181.907
2019-11-04,186.034
2019-11-05,189.217
2019-11-06,191.557
2019-11-07,186.771
2019-11-08,184.038
2019-11-09,184.963
2019-11-10,189.045
2019-11-11,184.419
2019-11-12,186.578
2019-11-13,188.033
2019-11-14,184.766
2019-11-15,179.99
2019-11-16,182.287
2019-11-17,183.83
2019-11-18,178.062
2019-11-19,175.435
2019-11-20,174.41
2019-11-21,160.728
2019-11-22,149.776
2019-11-23,152.327
2019-11-24,141.577
2019-11-25,146.562
2019-11-26,147.943
2019-11-27,153.248
2019-11-28,151.01
2019-11-29,154.256
2019-11-30,152.016
2019-12-01,151.38
2019-12-02,149.053
2019-12-03,147.465
2019-12-04,145.697
2019-12-05,148.022
2019-12-06,148.7
2019-12-07,147.515
2019-12-08,150.838
2019-12-09,147.375
2019-12-10,145.696
2019-12-11,143.13
2019-12-12,144.734
2019-12-13,144.6
2019-12-14,141.842
2019-12-15,142.305
2019-12-16,132.38
2019-12-17,121.506
2019-12-18,132.884
2019-12-19,127.845
2019-12-20,128.218
2019-12-21,127.097
2019-12-22,132.06
2019-12-23,127.814
2019-12-24,127.656
2019-12-25,124.881
2019-12-26,125.308
2019-12-27,126.182
2019-12-28,128.038
2019-12-29,134.639
2019-12-30,131.287
2019-12-31,128.511
2020-01-01,129.964
2020-01-02,126.731
2020-01-03,133.801
2020-01-04,134.05
2020-01-05,134.982
2020-01-06,143.989
2020-01-07,143.249
2020-01-08,140.872
2020-01-09,137.474
2020-01-10,143.789
2020-01-11,142.846
2020-01-12,145.447
2020-01-13,143.91
2020-01-14,166.048
2020-01-15,165.854
2020-01-16,164.053
2020-01-17,171.034
2020-01-18,175.075
2020-01-19,166.792
2020-01-20,166.927
2020-01-21,169.172
2020-01-22,167.545
2020-01-23,162.157
2020-01-24,162.248
2020-01-25,160.521
2020-01-26,167.159
2020-01-27,169.934
2020-01-28,175.276
2020-01-29,174.677
2020-01-30,184.257
2020-01-31,180.164
2020-02-01,183.563
2020-02-02,188.398
2020-02-03,189.342
2020-02-04,188.277
2020-02-05,205.125
2020-02-06,212.85
2020-02-07,222.863
2020-02-08,223.973
2020-02-09,228.467
2020-02-10,224.14
2020-02-11,237.65
2020-02-12,266.649
2020-02-13,267.94
2020-02-14,284.831
2020-02-15,265.034
2020-02-16,261.129
2020-02-17,266.608
2020-02-18,283.565
2020-02-19,261.077
2020-02-20,258.632
2020-02-21,265.909
2020-02-22,261.763
2020-02-23,274.98
2020-02-24,264.367
2020-02-25,248.537
2020-02-26,225.707
2020-02-27,226.399
2020-02-28,228.674
2020-02-29,220.102
2020-03-01,218.624
2020-03-02,231.195
2020-03-03,224.284
2020-03-04,224.156
2020-03-05,227.814
2020-03-06,244.33
2020-03-07,238.06
2020-03-08,202.766
2020-03-09,200.151
2020-03-10,200.851
2020-03-11,194.236
2020-03-12,110.328
2020-03-13,134.76
2020-03-14,122.078
2020-03-15,123.755
2020-03-16,110.349
2020-03-17,117.783
2020-03-18,117.683
2020-03-19,137.358
2020-03-20,131.532
2020-03-21,132.512
2020-03-22,122.442
2020-03-23,135.59
2020-03-24,139.415
2020-03-25,136.096
2020-03-26,138.608
2020-03-27,133.682
2020-03-28,131.028
2020-03-29,125.179
2020-03-30,132.902
2020-03-31,133.508
2020-04-01,135.855
2020-04-02,141.152
2020-04-03,141.727
2020-04-04,144.336
2020-04-05,142.973
2020-04-06,169.61
2020-04-07,164.217
2020-04-08,173.295
2020-04-09,170.284
2020-04-10,157.551
2020-04-11,158.432
2020-04-12,160.649
2020-04-13,157.199
2020-04-14,159.006
2020-04-15,152.951
2020-04-16,172.97
2020-04-17,172.232
2020-04-18,188.109
2020-04-19,181.231
2020-04-20,171.014
2020-04-21,171.489
2020-04-22,182.582
2020-04-23,185.646
2020-04-24,187.622
2020-04-25,193.785
2020-04-26,197.062
2020-04-27,196.566
2020-04-28,197.466
2020-04-29,215.384
2020-04-30,206.885
2020-05-01,212.714
2020-05-02,214.134
2020-05-03,210.091
2020-05-04,206.962
2020-05-05,204.885
2020-05-06,202.736
2020-05-07,212.991
2020-05-08,212.413
2020-05-09,210.775
2020-05-10,187.542
2020-05-11,185.715
2020-05-12,189.818
2020-05-13,199.938
2020-05-14,203.533
2020-05-15,195.122
2020-05-16,200.82
2020-05-17,207.073
2020-05-18,214.748
2020-05-19,213.82
2020-05-20,209.805
2020-05-21,198.918
2020-05-22,207.064
2020-05-23,206.906
2020-05-24,202.376
2020-05-25,204.292
2020-05-26,200.86
2020-05-27,207.498
2020-05-28,219.379
2020-05-29,220.785
2020-05-30,243.572
2020-05-31,231.444
2020-06-01,249.075
2020-06-02,237.18
2020-06-03,243.934
2020-06-04,243.648
2020-06-05,240.313
2020-06-06,242.02
2020-06-07,244.385
2020-06-08,245.968
2020-06-09,244.326
2020-06-10,247.705
2020-06-11,230.904
2020-06-12,237.162
2020-06-13,238.09
2020-06-14,232.137
2020-06-15,231.198
2020-06-16,235.137
2020-06-17,233.688
2020-06-18,231.331
2020-06-19,228.778
2020-06-20,228.92
2020-06-21,227.579
2020-06-22,243.221
2020-06-23,242.921
2020-06-24,234.824
2020-06-25,232.421
2020-06-26,229.694
2020-06-27,220.699
2020-06-28,224.443
2020-06-29,228.02
2020-06-30,225.723
2020-07-01,231.146
2020-07-02,226.702
2020-07-03,225.099
2020-07-04,228.866
2020-07-05,227.667
2020-07-06,241.179
2020-07-07,239.013
2020-07-08,246.844
2020-07-09,241.652
2020-07-10,241.034
2020-07-11,239.307
2020-07-12,241.31
2020-07-13,239.326
2020-07-14,240.639
2020-07-15,238.381
2020-07-16,233.55
2020-07-17,232.845
2020-07-18,235.91
2020-07-19,239.358
2020-07-20,236.361
2020-07-21,245.251
2020-07-22,264.199
2020-07-23,275.224
2020-07-24,279.908
2020-07-25,305.402
2020-07-26,311.04
2020-07-27,323.234
2020-07-28,318.016
2020-07-29,318.026
2020-07-30,335.964
2020-07-31,346.18
2020-08-01,387.186
2020-08-02,372.181
2020-08-03,385.488
2020-08-04,390.663
2020-08-05,400.601
2020-08-06,393.996
2020-08-07,380.33
2020-08-08,392.36
2020-08-09,389.183
2020-08-10,395.408
2020-08-11,379.111
2020-08-12,387.208
2020-08-13,424.799
2020-08-14,438.077
2020-08-15,432.609
2020-08-16,432.939
2020-08-17,432.841
2020-08-18,423.346
2020-08-19,406.879
2020-08-20,416.26
2020-08-21,387.241
2020-08-22,395.913
2020-08-23,391.948
2020-08-24,408.792
2020-08-25,383.605
2020-08-26,386.344
2020-08-27,382.349
2020-08-28,395.04
2020-08-29,400.368
2020-08-30,428.196
2020-08-31,436.091
2020-09-01,480.749
2020-09-02,441.214
2020-09-03,383.543
2020-09-04,386.669
2020-09-05,331.42
2020-09-06,353.227
2020-09-07,352.806
2020-09-08,336.717
2020-09-09,352.054
2020-09-10,367.381
2020-09-11,373.967
2020-09-12,386.216
2020-09-13,365.642
2020-09-14,375.801
2020-09-15,363.937
2020-09-16,365.322
2020-09-17,389.446
2020-09-18,382.262
2020-09-19,385.247
2020-09-20,371.207
2020-09-21,342.456
2020-09-22,343.504
2020-09-23,320.589
2020-09-24,349.144
2020-09-25,351.714
2020-09-26,354.601
2020-09-27,356.122
2020-09-28,355.46
2020-09-29,359.701
2020-09-30,359.977
2020-10-01,352.361
2020-10-02,345.801
2020-10-03,346.653
2020-10-04,352.339
2020-10-05,353.192
2020-10-06,340.104
2020-10-07,341.16
2020-10-08,350.527
2020-10-09,366.248
2020-10-10,371.283
2020-10-11,374.145
2020-10-12,387.671
2020-10-13,381.544
2020-10-14,378.829
2020-10-15,377.503
2020-10-16,366.3
2020-10-17,368.318
2020-10-18,377.922
2020-10-19,379.463
2020-10-20,368.844
2020-10-21,392.473
2020-10-22,414.436
2020-10-23,409.34
2020-10-24,412.269
2020-10-25,406.743
2020-10-26,394.011
2020-10-27,404.045
2020-10-28,388.903
2020-10-29,386.788
2020-10-30,383.596
2020-10-31,386.585
2020-11-01,395.578
2020-11-02,383.848
2020-11-03,388.548
2020-11-04,401.796
2020-11-05,416.997
2020-11-06,456.448
2020-11-07,436.772
2020-11-08,455.376
2020-11-09,444.548
2020-11-10,451.502
2020-11-11,464.216
2020-11-12,462.866
2020-11-13,476.571
2020-11-14,462.551
2020-11-15,449.346
2020-11-16,462.255
2020-11-17,482.695
2020-11-18,479.492
2020-11-19,471.15
2020-11-20,509.563
2020-11-21,547.353
2020-11-22,565.131
2020-11-23,607.214
2020-11-24,604.574
2020-11-25,568.247
2020-11-26,518.397
2020-11-27,517.042
2020-11-28,540.829
2020-11-29,574.874
2020-11-30,613.469
2020-12-01,588.252
2020-12-02,598.926
2020-12-03,617.554
2020-12-04,572.177
2020-12-05,594.916
2020-12-06,602.247
2020-12-07,591.82
2020-12-08,554.319
2020-12-09,574.214
2020-12-10,560.45
2020-12-11,545.484
2020-12-12,568.545
2020-12-13,590.523
2020-12-14,586.47
2020-12-15,589.001
2020-12-16,636.205
2020-12-17,642.788
2020-12-18,652.01
2020-12-19,659.714
2020-12-20,638.562
2020-12-21,612.546
2020-12-22,634.176
2020-12-23,588.509
2020-12-24,611.894
2020-12-25,625.84
2020-12-26,635.807
2020-12-27,688.481
2020-12-28,730.518
2020-12-29,731.936
2020-12-30,751.208
2020-12-31,739.026
2021-01-01,730.914
2021-01-02,775.297
2021-01-03,990.365
2021-01-04,1030.32
2021-01-05,1101.56
2021-01-06,1199.35
2021-01-07,1220.21
2021-01-08,1219.88
2021-01-09,1286.97
2021-01-10,1265.44
2021-01-11,1082.91
2021-01-12,1038.84
2021-01-13,1127.93
2021-01-14,1212.62
2021-01-15,1167.65
2021-01-16,1231.51
2021-01-17,1242.05
2021-01-18,1252.16
2021-01-19,1386.09
2021-01-20,1367.82
2021-01-21,1132.69
2021-01-22,1235.37
2021-01-23,1232.76
2021-01-24,1387.23
2021-01-25,1325.61
2021-01-26,1361.85
2021-01-27,1245.94
2021-01-28,1341.77
2021-01-29,1383.41
2021-01-30,1379.87
2021-01-31,1317.35
2021-02-01,1369.95
2021-02-02,1524.17
2021-02-03,1659.52
2021-02-04,1608.4
2021-02-05,1720.48
2021-02-06,1683.71
2021-02-07,1616.04
2021-02-08,1743.54
2021-02-09,1770.83
2021-02-10,1748.21
2021-02-11,1785.58
2021-02-12,1846.45
2021-02-13,1819.41
2021-02-14,1811.57
2021-02-15,1787.53
2021-02-16,1780.62
2021-02-17,1845.24
2021-02-18,1932.41
2021-02-19,1961.02
2021-02-20,1912.8
2021-02-21,1933.88
2021-02-22,1771.21
2021-02-23,1563.05
2021-02-24,1616.56
2021-02-25,1491.46
2021-02-26,1442.3
2021-02-27,1454.03
2021-02-28,1425.39
2021-03-01,1563.24
2021-03-02,1489.88
2021-03-03,1584.07
2021-03-04,1538.02
2021-03-05,1530.84
2021-03-06,1659.84
2021-03-07,1719.16
2021-03-08,1826.13
2021-03-09,1862.03
2021-03-10,1803.42
2021-03-11,1827.71
2021-03-12,1768.5
2021-03-13,1927.21
2021-03-14,1874.15
2021-03-15,1796.91
2021-03-16,1796.95
2021-03-17,1818.87
2021-03-18,1781.65
2021-03-19,1810.37
2021-03-20,1812.74
2021-03-21,1784.73
2021-03-22,1689.11
2021-03-23,1671.75
2021-03-24,1586.88
2021-03-25,1588.93
2021-03-26,1695.67
2021-03-27,1718.12
2021-03-28,1685.16
2021-03-29,1811.14
2021-03-30,1840.87
2021-03-31,1916.88
2021-04-01,1971.24
2021-04-02,2134.07
2021-04-03,2025.15
2021-04-04,2077.4
2021-04-05,2099.53
2021-04-06,2116.9
2021-04-07,1985.4
2021-04-08,2078.55
2021-04-09,2066.05
2021-04-10,2130.19
2021-04-11,2144.37
2021-04-12,2142.83
2021-04-13,2297.89
2021-04-14,2430.3
2021-04-15,2519.58
2021-04-16,2428.35
2021-04-17,2342.16
2021-04-18,2243.48
2021-04-19,2168.63
2021-04-20,2328.51
2021-04-21,2364
2021-04-22,2419.71
2021-04-23,2357.13
2021-04-24,2236.59
2021-04-25,2300.56
2021-04-26,2526.06
2021-04-27,2646.35
2021-04-28,2740.23
2021-04-29,2760.51
2021-04-30,2770.29
2021-05-01,2949.32
2021-05-02,2952.48
2021-05-03,3430.65
2021-05-04,3274.89
2021-05-05,3525.92
2021-05-06,3500.54
2021-05-07,3482.63
2021-05-08,3886.77
2021-05-09,3916.08
2021-05-10,3954.28
2021-05-11,4155.77
2021-05-12,3975.5
2021-05-13,3687.16
2021-05-14,4086.71
2021-05-15,3672.6
2021-05-16,3565.84
2021-05-17,3280.03
2021-05-18,3368.24
2021-05-19,2535.74
2021-05-20,2777.93
2021-05-21,2413.98
2021-05-22,2320.84
2021-05-23,2105.6
2021-05-24,2626.17
2021-05-25,2696.59
2021-05-26,2868.72
2021-05-27,2743.1
2021-05-28,2415.3
2021-05-29,2288.86
2021-05-30,2391.71
2021-05-31,2699.21
2021-06-01,2626.2
2021-06-02,2713.16
2021-06-03,2858.6
2021-06-04,2689.28
2021-06-05,2604.97
2021-06-06,2706.1
2021-06-07,2600.16
2021-06-08,2519.06
2021-06-09,2605.63
2021-06-10,2481.38
2021-06-11,2345.03
2021-06-12,2380.84
2021-06-13,2504.65
2021-06-14,2577.04
2021-06-15,2552.74
2021-06-16,2361
2021-06-17,2368.39
2021-06-18,2224.58
2021-06-19,2174.75
2021-06-20,2242.66
2021-06-21,1900.39
2021-06-22,1867.62
2021-06-23,1962.11
2021-06-24,1986.67
2021-06-25,1817.85
2021-06-26,1801.98
2021-06-27,1964.52
2021-06-28,2079.28
2021-06-29,2169.99
2021-06-30,2272.27
2021-07-01,2114.56
2021-07-02,2150
2021-07-03,2215.9
2021-07-04,2325.92
2021-07-05,2218.63
2021-07-06,2318.11
2021-07-07,2317.08
2021-07-08,2118.92
2021-07-09,2153.77
2021-07-10,2117.06
2021-07-11,2140.19
2021-07-12,2033.03
2021-07-13,1939.64
2021-07-14,1992.44
2021-07-15,1912.87
2021-07-16,1878.11
2021-07-17,1896.97
2021-07-18,1892.69
2021-07-19,1822.21
2021-07-20,1785.33
2021-07-21,1985.49
2021-07-22,2020.92
2021-07-23,2112.72
2021-07-24,2179.34
2021-07-25,2187.44
2021-07-26,2241.16
2021-07-27,2286.23
2021-07-28,2297.03
2021-07-29,2384.45
2021-07-30,2451.3
2021-07-31,2544.38
2021-08-01,2563.74
2021-08-02,2619.04
2021-08-03,2512.92
2021-08-04,2727.93
2021-08-05,2825.54
2021-08-06,2888.03
2021-08-07,3143.38
2021-08-08,3027.35
2021-08-09,3158.27
2021-08-10,3141.72
2021-08-11,3168.56
2021-08-12,3038.06
2021-08-13,3316.48
2021-08-14,3268.96
2021-08-15,3310.73
2021-08-16,3157.77
2021-08-17,3020.57
2021-08-18,3041.32
2021-08-19,3173.97
2021-08-20,3278.22
2021-08-21,3234.71
2021-08-22,3245.89
2021-08-23,3322.64
2021-08-24,3183.61
2021-08-25,3228.7
2021-08-26,3120.6
2021-08-27,3270.01
2021-08-28,3242.67
2021-08-29,3230.91
2021-08-30,3238.36
2021-08-31,3431.95
2021-09-01,3793.83
2021-09-02,3791.9
2021-09-03,3918.58
2021-09-04,3886.23
2021-09-05,3954.62
2021-09-06,3928.83
2021-09-07,3432.85
2021-09-08,3507.78
2021-09-09,3432.86
2021-09-10,3204.18
2021-09-11,3259.21
2021-09-12,3417.72
2021-09-13,3289.55
2021-09-14,3419.68
2021-09-15,3591.06
2021-09-16,3567.72
2021-09-17,3396.52
2021-09-18,3425.02
2021-09-19,3319.99
2021-09-20,2965.37
2021-09-21,2745.85
2021-09-22,3063.72
2021-09-23,3147.5
2021-09-24,2932.56
2021-09-25,2932.5
2021-09-26,3048.6
2021-09-27,2952.5
2021-09-28,2815.59
2021-09-29,2843.27
2021-09-30,3001.53
2021-10-01,3299.44
2021-10-02,3393.86
2021-10-03,3420.44
2021-10-04,3391.62
2021-10-05,3520.41
2021-10-06,3588.43
2021-10-07,3589.31
2021-10-08,3561.09
2021-10-09,3579.87
2021-10-10,3432
2021-10-11,3519.57
2021-10-12,3491.26
2021-10-13,3597.56
2021-10-14,3786.54
2021-10-15,3861.71
2021-10-16,3836.77
2021-10-17,3836.4
2021-10-18,3746.07
2021-10-19,3875.04
2021-10-20,4153.39
2021-10-21,4065.17
2021-10-22,3975.54
2021-10-23,4159.58
2021-10-24,4076.59
2021-10-25,4214.41
2021-10-26,4130.63
2021-10-27,3947.62
2021-10-28,4278.77
2021-10-29,4413.19
2021-10-30,4311.34
2021-10-31,4293.97
2021-11-01,4325.79
2021-11-02,4586.38
2021-11-03,4598.85
2021-11-04,4535.6
2021-11-05,4476.9
2021-11-06,4511.64
2021-11-07,4609.29
2021-11-08,4811.16
2021-11-09,4735.7
2021-11-10,4619.96
2021-11-11,4727.75
2021-11-12,4662.76
2021-11-13,4644.94
2021-11-14,4609.52
2021-11-15,4569.41
2021-11-16,4234.13
2021-11-17,4265.6
2021-11-18,3985.67
2021-11-19,4291.29
2021-11-20,4413.14
2021-11-21,4310.08
2021-11-22,4096.77
2021-11-23,4348.16
2021-11-24,4261.97
2021-11-25,4526.04
2021-11-26,4052.01
2021-11-27,4086.92
2021-11-28,4291.08
2021-11-29,4448.41
2021-11-30,4645.05
2021-12-01,4584.53
2021-12-02,4527.54
2021-12-03,4232.93
2021-12-04,4097.76
2021-12-05,4190.58
2021-12-06,4341.94
2021-12-07,4303.76
2021-12-08,4427.31
2021-12-09,4157.29
2021-12-10,3931.61
2021-12-11,4079.58
2021-12-12,4140.99
2021-12-13,3788.08
2021-12-14,3850.76
2021-12-15,4015.64
2021-12-16,3973.45
2021-12-17,3885.43
2021-12-18,3965.87
2021-12-19,3937.57
2021-12-20,3939.67
2021-12-21,4029
2021-12-22,3984.71
2021-12-23,4101.85
2021-12-24,4045.16
2021-12-25,4099.92
2021-12-26,4070.35
2021-12-27,4044.39
2021-12-28,3806.11
2021-12-29,3638.66
2021-12-30,3708.04
2021-12-31,3686.95
2022-01-01,3761.06
2022-01-02,3832.37
2022-01-03,3765.44
2022-01-04,3796.64
2022-01-05,3545.76
2022-01-06,3413.24
2022-01-07,3190.13
2022-01-08,3092.88
2022-01-09,3154.84
2022-01-10,3079.87
2022-01-11,3241.95
2022-01-12,3372.85
2022-01-13,3253.07
2022-01-14,3308.72
2022-01-15,3334.45
2022-01-16,3356.33
2022-01-17,3211.12
2022-01-18,3165.8
2022-01-19,3105.42
2022-01-20,3011.88
2022-01-21,2565.06
2022-01-22,2400.83
2022-01-23,2533.49
2022-01-24,2439.12
2022-01-25,2458.38
2022-01-26,2467.11
2022-01-27,2412.62
2022-01-28,2545.55
2022-01-29,2593.2
2022-01-30,2610.56
2022-01-31,2686.27
2022-02-01,2795.58
2022-02-02,2686.65
2022-02-03,2670.65
2022-02-04,2969.93
2022-02-05,3017.61
2022-02-06,3049.37
2022-02-07,3145.37
2022-02-08,3126.63
2022-02-09,3241.72
2022-02-10,3080.57
2022-02-11,2924.08
2022-02-12,2910.84
2022-02-13,2880.7
2022-02-14,2936.3
2022-02-15,3175.26
2022-02-16,3140.53
2022-02-17,2887.98
2022-02-18,2784.72
2022-02-19,2757.6
2022-02-20,2636.39
2022-02-21,2578.87
2022-02-22,2636.23
2022-02-23,2591.79
2022-02-24,2594.05
2022-02-25,2788.59
2022-02-26,2777.68
2022-02-27,2614.48
2022-02-28,2914.47
2022-03-01,2969.53
2022-03-02,2954.66
2022-03-03,2836.95
2022-03-04,2617.82
2022-03-05,2662.89
2022-03-06,2557.9
2022-03-07,2501
2022-03-08,2577.76
2022-03-09,2726.97
2022-03-10,2611.41
2022-03-11,2562.61
2022-03-12,2578.18
2022-03-13,2516.49
2022-03-14,2589.38
2022-03-15,2621.24
2022-03-16,2768.92
2022-03-17,2816.07
2022-03-18,2945.91
2022-03-19,2948.83
2022-03-20,2861.82
2022-03-21,2898.31
2022-03-22,2976.63
2022-03-23,3021.13
2022-03-24,3110.07
2022-03-25,3104.46
2022-03-26,3145.64
2022-03-27,3288.74
2022-03-28,3346.48
2022-03-29,3398.67
2022-03-30,3389.05
2022-03-31,3281.79
2022-04-01,3446.52
2022-04-02,3451.97
2022-04-03,3521.53
2022-04-04,3525.41
2022-04-05,3425.35
2022-04-06,3183.7
2022-04-07,3238.19
2022-04-08,3185.77
2022-04-09,3257.96
2022-04-10,3218.13
2022-04-11,2985.3
2022-04-12,3027.96
2022-04-13,3118.54
2022-04-14,3019.79
2022-04-15,3039.33
2022-04-16,3065.66
2022-04-17,2996.53
2022-04-18,3058.25
2022-04-19,3104.38
2022-04-20,3078.54
2022-04-21,2984.3
2022-04-22,2963.94
2022-04-23,2941.41
2022-04-24,2924.17
2022-04-25,3012.22
2022-04-26,2801.38
2022-04-27,2886.85
2022-04-28,2934.1
2022-04-29,2815.63
2022-04-30,2729.73
2022-05-01,2829.09
2022-05-02,2861.53
2022-05-03,2780.92
2022-05-04,2936.77
2022-05-05,2746.64
2022-05-06,2697.48
2022-05-07,2636.53
2022-05-08,2519.64
2022-05-09,2257.95
2022-05-10,2342.93
2022-05-11,2068.28
2022-05-12,1958.45
2022-05-13,2016.05
2022-05-14,2053.09
2022-05-15,2138.96
2022-05-16,2022.62
2022-05-17,2092.88
2022-05-18,1921.01
2022-05-19,2016.37
2022-05-20,1962.03
2022-05-21,1973.77
2022-05-22,2044.56
2022-05-23,1970.62
2022-05-24,1977.8
2022-05-25,1944.33
2022-05-26,1807.68
2022-05-27,1721.28
2022-05-28,1793.66
2022-05-29,1811.06
2022-05-30,1996.5
2022-05-31,1947.32
2022-06-01,1827.64
2022-06-02,1835.39
2022-06-03,1773.33
2022-06-04,1799.05
2022-06-05,1805.69
2022-06-06,1857.05
2022-06-07,1812.56
2022-06-08,1794.5
2022-06-09,1787.18
2022-06-10,1662.5
2022-06-11,1529.5
2022-06-12,1449.38
2022-06-13,1192.16
2022-06-14,1205.54
2022-06-15,1228.52
2022-06-16,1062.06
2022-06-17,1087.01
2022-06-18,992.79
2022-06-19,1124.37
2022-06-20,1122.38
2022-06-21,1124.8
2022-06-22,1052.49
2022-06-23,1144.75
2022-06-24,1233.92
2022-06-25,1242.46
2022-06-26,1204.22
2022-06-27,1194.9
2022-06-28,1142.8
2022-06-29,1095.82
2022-06-30,1041.54
2022-07-01,1066.1
2022-07-02,1066.52
2022-07-03,1073.7
2022-07-04,1150.16
2022-07-05,1134.56
2022-07-06,1190.02
2022-07-07,1238.45
2022-07-08,1231.27
2022-07-09,1216.82
2022-07-10,1167
2022-07-11,1096.54
2022-07-12,1040.31
2022-07-13,1109.92
2022-07-14,1190.78
2022-07-15,1235.45
2022-07-16,1352.58
2022-07-17,1345.3
2022-07-18,1568.52
2022-07-19,1545.68
2022-07-20,1523.17
2022-07-21,1578.51
2022-07-22,1536.59
2022-07-23,1550.45
2022-07-24,1603.32
2022-07-25,1461.68
2022-07-26,1431.21
2022-07-27,1632.34
2022-07-28,1724.61
2022-07-29,1746.08
2022-07-30,1692.9
2022-07-31,1682.69
2022-08-01,1635.84
2022-08-02,1640.55
2022-08-03,1616.22
2022-08-04,1606.95
2022-08-05,1725.63
2022-08-06,1695.53
2022-08-07,1697.48
2022-08-08,1776.06
2022-08-09,1703.99
2022-08-10,1850.83
2022-08-11,1878.11
2022-08-12,1954.78
2022-08-13,1981.24
2022-08-14,1936.34
2022-08-15,1901.75
2022-08-16,1876.62
2022-08-17,1833.21
2022-08-18,1849.2
2022-08-19,1615.85
2022-08-20,1575.84
2022-08-21,1621.44
2022-08-22,1607.94
2022-08-23,1663.88
2022-08-24,1658.75
2022-08-25,1695.1
2022-08-26,1508.81
2022-08-27,1492.86
2022-08-28,1440.92
2022-08-29,1550.28
2022-08-30,1529.59
2022-08-31,1551.73
2022-09-01,1586.35
2022-09-02,1576.6
2022-09-03,1555.06
2022-09-04,1576.03
2022-09-05,1613.06
2022-09-06,1565.7
2022-09-07,1633.89
2022-09-08,1634.56
2022-09-09,1717.52
2022-09-10,1779.76
2022-09-11,1758.46
2022-09-12,1710.77
2022-09-13,1574.04
2022-09-14,1633.76
2022-09-15,1472.56
2022-09-16,1430.06
2022-09-17,1469.37
2022-09-18,1337.86
2022-09-19,1379.44
2022-09-20,1323.41
2022-09-21,1249.13
2022-09-22,1328.67
2022-09-23,1330.96
2022-09-24,1317.01
2022-09-25,1294.55
2022-09-26,1334.39
2022-09-27,1330.52
2022-09-28,1339.14
2022-09-29,1333.64
2022-09-30,1327.08
2022-10-01,1311.22
2022-10-02,1276.55
2022-10-03,1324.41
2022-10-04,1362.84
2022-10-05,1352.56
2022-10-06,1351.35
2022-10-07,1332.54
2022-10-08,1315.46
2022-10-09,1320.93
2022-10-10,1292.05
2022-10-11,1278.54
2022-10-12,1294.63
2022-10-13,1288.2
2022-10-14,1297.32
2022-10-15,1275
2022-10-16,1305.61
2022-10-17,1332.37
2022-10-18,1311.3
2022-10-19,1284.66
2022-10-20,1281.91
2022-10-21,1299.88
2022-10-22,1314.31
2022-10-23,1363.86
2022-10-24,1344.55
2022-10-25,1461.29
2022-10-26,1571.26
2022-10-27,1514.78
2022-10-28,1555.97
2022-10-29,1618.89
2022-10-30,1589.51
2022-10-31,1571.2
2022-11-01,1580.26
2022-11-02,1519.58
2022-11-03,1529.8
2022-11-04,1644.77
2022-11-05,1627.35
2022-11-06,1574.97
2022-11-07,1567.46
2022-11-08,1331.87
2022-11-09,1093
2022-11-10,1297.56
2022-11-11,1280.9
2022-11-12,1252
2022-11-13,1220.15
2022-11-14,1240.72
2022-11-15,1249.55
2022-11-16,1214.79
2022-11-17,1199.72
2022-11-18,1209.48
2022-11-19,1218.61
2022-11-20,1139.64
2022-11-21,1107.64
2022-11-22,1134.77
2022-11-23,1183.17
2022-11-24,1202.69
2022-11-25,1199.06
2022-11-26,1204.82
2022-11-27,1196.87
2022-11-28,1168.92
2022-11-29,1217.08
2022-11-30,1298.04
2022-12-01,1275.71
2022-12-02,1292.87
2022-12-03,1240.93
2022-12-04,1280.03
2022-12-05,1258.53
2022-12-06,1270.19
2022-12-07,1232.55
2022-12-08,1281.63
2022-12-09,1263.21
2022-12-10,1266.77
2022-12-11,1263.07
2022-12-12,1274.78
2022-12-13,1320.4
2022-12-14,1308.15
2022-12-15,1264.13
2022-12-16,1164.55
2022-12-17,1187.08
2022-12-18,1187.4
2022-12-19,1167.13
2022-12-20,1217.79
2022-12-21,1212.38
2022-12-22,1216.85
2022-12-23,1219.87
2022-12-24,1220.58
2022-12-25,1217.78
2022-12-26,1224.38
2022-12-27,1211.58
2022-12-28,1188.11
2022-12-29,1200.92
2022-12-30,1198.58
2022-12-31,1195.33
2023-01-01,1200.01
2023-01-02,1214.84
2023-01-03,1214.23
2023-01-04,1255.92
2023-01-05,1250.15
2023-01-06,1269.25
2023-01-07,1263.5
2023-01-08,1284.64
2023-01-09,1320.62
2023-01-10,1335.66
2023-01-11,1380.51
2023-01-12,1417.14
2023-01-13,1449.88
2023-01-14,1551.58
2023-01-15,1552.32
2023-01-16,1577.95
2023-01-17,1570.19
2023-01-18,1519.98
2023-01-19,1550.32
2023-01-20,1658.07
2023-01-21,1628.13
2023-01-22,1628.27
2023-01-23,1627.94
2023-01-24,1553.74
2023-01-25,1607.73
2023-01-26,1601.94
2023-01-27,1598.02
2023-01-28,1570.19
2023-01-29,1646.3
2023-01-30,1565.99
2023-01-31,1584.82
2023-02-01,1641.9
2023-02-02,1646.34
2023-02-03,1665.61
2023-02-04,1671.05
2023-02-05,1631.12
2023-02-06,1614.27
2023-02-07,1672.72
2023-02-08,1650.23
2023-02-09,1545.62
2023-02-10,1514.25
2023-02-11,1540.18
2023-02-12,1513.77
2023-02-13,1506.22
2023-02-14,1557.43
2023-02-15,1672.84
2023-02-16,1643.9
2023-02-17,1696.05
2023-02-18,1690.94
2023-02-19,1683.21
2023-02-20,1700.88
2023-02-21,1655.09
2023-02-22,1641.94
2023-02-23,1649.39
2023-02-24,1608.3
2023-02-25,1593.9
2023-02-26,1640.58
2023-02-27,1633.63
2023-02-28,1606.66
2023-03-01,1661.71
2023-03-02,1647.85
2023-03-03,1569.17
2023-03-04,1565.88
2023-03-05,1563.63
2023-03-06,1567.54
2023-03-07,1560.03
2023-03-08,1534.23
2023-03-09,1436.67
2023-03-10,1434.15
2023-03-11,1477.25
2023-03-12,1586.5
2023-03-13,1677.89
2023-03-14,1706.89
2023-03-15,1655.43
2023-03-16,1677.26
2023-03-17,1791.02
2023-03-18,1764.37
2023-03-19,1801.75
2023-03-20,1737.38
2023-03-21,1805.09
2023-03-22,1738.27
2023-03-23,1819.24
2023-03-24,1751.13
2023-03-25,1742.47
2023-03-26,1778.53
2023-03-27,1714.87
2023-03-28,1774.92
2023-03-29,1794.75
2023-03-30,1791.8
2023-03-31,1824
2023-04-01,1822.42
2023-04-02,1794.76
2023-04-03,1811.19
2023-04-04,1868.19
2023-04-05,1911.13
2023-04-06,1872.09
2023-04-07,1866.34
2023-04-08,1851.75
2023-04-09,1861.13
2023-04-10,1912.12
2023-04-11,1891.72
2023-04-12,1921.78
2023-04-13,2010.86
2023-04-14,2102.23
2023-04-15,2094.49
2023-04-16,2119.37
2023-04-17,2076.59
2023-04-18,2101.64
2023-04-19,1936.28
2023-04-20,1943
2023-04-21,1849.59
2023-04-22,1875.56
2023-04-23,1862.82
2023-04-24,1842.87
2023-04-25,1868.06
2023-04-26,1866.9
2023-04-27,1909.37
2023-04-28,1893.94
2023-04-29,1905.85
2023-04-30,1885.55
2023-05-01,1831.77
2023-05-02,1872.31
2023-05-03,1905.1
2023-05-04,1877.05
2023-05-05,1995.6
2023-05-06,1900.32
2023-05-07,1900.29
2023-05-08,1850.25
2023-05-09,1848.22
2023-05-10,1842.46
2023-05-11,1795.59
2023-05-12,1807.86
2023-05-13,1799.58
2023-05-14,1799.91
2023-05-15,1819.31
2023-05-16,1824.29
2023-05-17,1822.19
2023-05-18,1803.81
2023-05-19,1813.16
2023-05-20,1819.32
2023-05-21,1806.48
2023-05-22,1818.21
2023-05-23,1854.56
2023-05-24,1801.14
2023-05-25,1806.94
2023-05-26,1829.24
2023-05-27,1830.77
2023-05-28,1911.29
2023-05-29,1894.86
2023-05-30,1900.83
2023-05-31,1872.94
2023-06-01,1861.88
2023-06-02,1906.95
2023-06-03,1891.89
2023-06-04,1892.31
2023-06-05,1812.74
2023-06-06,1883.15
2023-06-07,1831.89
2023-06-08,1847.24
2023-06-09,1838.42
2023-06-10,1752.9
2023-06-11,1751.83
2023-06-12,1742.45
2023-06-13,1736.92
2023-06-14,1650.15
2023-06-15,1663.84
2023-06-16,1716.62
2023-06-17,1727.58
2023-06-18,1720.12
2023-06-19,1734.98
2023-06-20,1789.8
2023-06-21,1894.31
2023-06-22,1874.36
2023-06-23,1891.58
2023-06-24,1876.11
2023-06-25,1899.8
2023-06-26,1857.57
2023-06-27,1888.94
2023-06-28,1829.67
2023-06-29,1853.18
2023-06-30,1934.62
2023-07-01,1923.14
2023-07-02,1935.6
2023-07-03,1954.2
2023-07-04,1938.38
2023-07-05,1912.15
2023-07-06,1854.38
2023-07-07,1869.33
2023-07-08,1864.06
2023-07-09,1862.63
2023-07-10,1880.34
2023-07-11,1878.37
2023-07-12,1871.59
2023-07-13,2002.02
2023-07-14,1935.14
2023-07-15,1930.72
2023-07-16,1924.55
2023-07-17,1912.29
2023-07-18,1897.4
2023-07-19,1889.52
2023-07-20,1891.98
2023-07-21,1892.11
2023-07-22,1861.28
2023-07-23,1887.97
2023-07-24,1849.92
2023-07-25,1857.55
2023-07-26,1871.17
2023-07-27,1859.04
2023-07-28,1875.02
2023-07-29,1881
2023-07-30,1861.51
2023-07-31,1856.19
2023-08-01,1866.99
2023-08-02,1838.3
2023-08-03,1835.92
2023-08-04,1826.27
2023-08-05,1835.38
2023-08-06,1826.94
2023-08-07,1825.87
2023-08-08,1856.7
2023-08-09,1855.33
2023-08-10,1850.89
2023-08-11,1846.59
2023-08-12,1848.61
2023-08-13,1838.96
2023-08-14,1843.84
2023-08-15,1827.12
2023-08-16,1806.94
2023-08-17,1688.9
2023-08-18,1660.65
2023-08-19,1668.86
2023-08-20,1683.56
2023-08-21,1667.29
2023-08-22,1631.89
2023-08-23,1678.89
2023-08-24,1656.64
2023-08-25,1652.97
2023-08-26,1645.93
2023-08-27,1656.75
2023-08-28,1652.81
2023-08-29,1726.95
2023-08-30,1705.04
2023-08-31,1645.68
2023-09-01,1628.75
2023-09-02,1636.88
2023-09-03,1635.56
2023-09-04,1627.42
2023-09-05,1632.72
2023-09-06,1632.4
2023-09-07,1646.08
2023-09-08,1636.38
2023-09-09,1634.68
2023-09-10,1617.42
2023-09-11,1549.36
2023-09-12,1594.01
2023-09-13,1607.72
2023-09-14,1627.52
2023-09-15,1643.92
2023-09-16,1634.72
2023-09-17,1620.58
2023-09-18,1637.65
2023-09-19,1643.48
2023-09-20,1622.67
2023-09-21,1584.69
2023-09-22,1593.63
2023-09-23,1592.93
2023-09-24,1581.24
2023-09-25,1587.55
2023-09-26,1592.04
2023-09-27,1596.47
2023-09-28,1652.89
2023-09-29,1667.56
2023-09-30,1671.14
2023-10-01,1731.55
2023-10-02,1663.19
2023-10-03,1656.9
2023-10-04,1648.97
2023-10-05,1613.01
2023-10-06,1645.73
2023-10-07,1635.15
2023-10-08,1632.99
2023-10-09,1579.55
2023-10-10,1568.33
2023-10-11,1565.31
2023-10-12,1538.1
2023-10-13,1550.26
2023-10-14,1555.66
2023-10-15,1556.3
2023-10-16,1600.99
2023-10-17,1565.29
2023-10-18,1563.41
2023-10-19,1566.43
2023-10-20,1605.57
2023-10-21,1628.75
2023-10-22,1663.03
2023-10-23,1763.06
2023-10-24,1784.62
2023-10-25,1786.29
2023-10-26,1804.61
2023-10-27,1780.85
2023-10-28,1776.21
2023-10-29,1797.72
2023-10-30,1809.39
2023-10-31,1813.54
2023-11-01,1846.08
2023-11-02,1799.22
2023-11-03,1832.61
2023-11-04,1859.53
2023-11-05,1896.55
2023-11-06,1898.86
2023-11-07,1886.19
2023-11-08,1892.66
2023-11-09,2115.81
2023-11-10,2080.74
2023-11-11,2046.33
2023-11-12,2044.95
2023-11-13,2062.54
2023-11-14,1982.44
2023-11-15,2056.28
2023-11-16,1959.64
2023-11-17,1958.85
2023-11-18,1962.39
2023-11-19,2009.78
2023-11-20,2024.27
2023-11-21,1945.52
2023-11-22,2064.4
2023-11-23,2063.22
2023-11-24,2079.3
2023-11-25,2084.54
2023-11-26,2065.37
2023-11-27,2027.24
2023-11-28,2049.74
2023-11-29,2028.85
2023-11-30,2051.05
2023-12-01,2086.11
2023-12-02,2164.75
2023-12-03,2193.55
2023-12-04,2238.02
2023-12-05,2291.51
2023-12-06,2231.62
2023-12-07,2354.4
2023-12-08,2359.3
2023-12-09,2341.96
2023-12-10,2351.05
2023-12-11,2221.86
2023-12-12,2201.24
2023-12-13,2260.87
2023-12-14,2319.56
2023-12-15,2221.46
2023-12-16,2224.7
2023-12-17,2200.07
2023-12-18,2215.89
2023-12-19,2176.08
2023-12-20,2195.89
2023-12-21,2237.72
2023-12-22,2326.3
2023-12-23,2311.02
2023-12-24,2268.22
2023-12-25,2274.26
2023-12-26,2229.45
2023-12-27,2378.57
2023-12-28,2351.44
2023-12-29,2295.94
2023-12-30,2293.75
2023-12-31,2279.08
2024-01-01,2347.44
2024-01-02,2357.63
2024-01-03,2207.34
2024-01-04,2272.18
2024-01-05,2267.64
2024-01-06,2238.93
2024-01-07,2218.47
2024-01-08,2332.3
2024-01-09,2339.66
2024-01-10,2590.85
2024-01-11,2618.7
2024-01-12,2519.14
2024-01-13,2580.02
2024-01-14,2479.1
2024-01-15,2512.74
2024-01-16,2590.59
2024-01-17,2524.52
2024-01-18,2466.73
2024-01-19,2490.06
2024-01-20,2469.74
2024-01-21,2454.59
2024-01-22,2312.21
2024-01-23,2238.99
2024-01-24,2233.65
2024-01-25,2218.1
2024-01-26,2266.88
2024-01-27,2266.63
2024-01-28,2255.1
2024-01-29,2314.93
2024-01-30,2348.32
2024-01-31,2284.2
2024-02-01,2300.17
2024-02-02,2306.2
2024-02-03,2294.86
2024-02-04,2287.55
2024-02-05,2296.8
2024-02-06,2374.24
2024-02-07,2424.7
2024-02-08,2421.89
2024-02-09,2490.79
2024-02-10,2500.53
2024-02-11,2504.47
2024-02-12,2654.84
2024-02-13,2638.39
2024-02-14,2779.39
2024-02-15,2825.42
2024-02-16,2802.71
2024-02-17,2786.65
2024-02-18,2877.23
2024-02-19,2948.52
2024-02-20,3014.13
2024-02-21,2965.02
2024-02-22,2972.49
2024-02-23,2923.21
2024-02-24,2990.14
2024-02-25,3111.73
2024-02-26,3175.87
2024-02-27,3244.35
2024-02-28,3376.6
2024-02-29,3350.24
2024-03-01,3438.19
2024-03-02,3420.34
2024-03-03,3482.48
2024-03-04,3630.73
2024-03-05,3552.95
2024-03-06,3820.76
2024-03-07,3868.69
2024-03-08,3895.42
2024-03-09,3914.2
2024-03-10,3872.3
2024-03-11,4072.9
2024-03-12,3971.1
2024-03-13,4004.6
2024-03-14,3882.9
2024-03-15,3736.92
2024-03-16,3519.48
2024-03-17,3638.45
2024-03-18,3529.95
2024-03-19,3165.83
2024-03-20,3519.07
2024-03-21,3489.54
2024-03-22,3316.86
2024-03-23,3354.72
2024-03-24,3455.31
2024-03-25,3595.95
2024-03-26,3593.27
2024-03-27,3498.33
2024-03-28,3566.16
2024-03-29,3516.3
2024-03-30,3506.18
2024-03-31,3644.73
2024-04-01,3510.49
2024-04-02,3283.01
2024-04-03,3317.27
2024-04-04,3327.8
2024-04-05,3323.68
2024-04-06,3368.22
2024-04-07,3447.52
2024-04-08,3700.18
2024-04-09,3499.24
2024-04-10,3541.32
2024-04-11,3504.1
2024-04-12,3234.93
2024-04-13,3030.38
2024-04-14,3158.85
2024-04-15,3103.09
2024-04-16,3088.47
2024-04-17,2984.86
2024-04-18,3067.81
2024-04-19,3055.97
2024-04-20,3155.53
2024-04-21,3147.66
2024-04-22,3205.8
2024-04-23,3217.77
2024-04-24,3133.02
2024-04-25,3158.32
2024-04-26,3129.84
2024-04-27,3253.06
2024-04-28,3262.87
2024-04-29,3220.45
2024-04-30,3012.44
2024-05-01,2970.35
2024-05-02,2988.56
2024-05-03,3107.41
2024-05-04,3116.86
2024-05-05,3138.82
2024-05-06,3067.53
2024-05-07,3014.66
2024-05-08,2970.41
2024-05-09,3034.48
2024-05-10,2910.86
2024-05-11,2911.31
2024-05-12,2930.52
2024-05-13,2948.5
2024-05-14,2881.05
2024-05-15,3028.86
2024-05-16,2941.34
2024-05-17,3092.49
2024-05-18,3122.59
2024-05-19,3070.16
2024-05-20,3661.91
2024-05-21,3796.89
2024-05-22,3740.97
2024-05-23,3766.94
2024-05-24,3728.02
2024-05-25,3748.07
2024-05-26,3824.53
2024-05-27,3887.71
2024-05-28,3844.94
2024-05-29,3769.95
2024-05-30,3747.59
2024-05-31,3755.48
2024-06-01,3813.36
2024-06-02,3781.31
2024-06-03,3767.49
2024-06-04,3812.19
2024-06-05,3863.33
2024-06-06,3811.86
2024-06-07,3679.92
2024-06-08,3680.02
2024-06-09,3705.64
2024-06-10,3666.17
2024-06-11,3497.7
2024-06-12,3560.8
2024-06-13,3470.07
2024-06-14,3479.9
2024-06-15,3567.76
2024-06-16,3619.69
2024-06-17,3509.53
2024-06-18,3477.66
2024-06-19,3557.57
2024-06-20,3512.67
2024-06-21,3518.3
2024-06-22,3496.2
2024-06-23,3419.96
2024-06-24,3347.67
2024-06-25,3392.7
2024-06-26,3368.96
2024-06-27,3443.8
2024-06-28,3372.75
2024-06-29,3373.51
2024-06-30,3437.89
2024-07-01,3437.64
2024-07-02,3418.16
2024-07-03,3294.66
2024-07-04,3080.7
2024-07-05,2986.24
2024-07-06,3067.92
2024-07-07,2932.87
2024-07-08,3020.47
2024-07-09,3064.18
2024-07-10,3101.15
2024-07-11,3096.83
2024-07-12,3130.37
2024-07-13,3181.86
2024-07-14,3256.67
2024-07-15,3487.99
2024-07-16,3446.73
2024-07-17,3394.1
2024-07-18,3431.12
2024-07-19,3507.49
2024-07-20,3520.57
2024-07-21,3530.48
2024-07-22,3441.94
2024-07-23,3482.73
2024-07-24,3331.72
2024-07-25,3173.72
2024-07-26,3278.93
2024-07-27,3254.27
2024-07-28,3270.69
2024-07-29,3323.15
2024-07-30,3276.19
2024-07-31,3231.76
2024-08-01,3203.28
2024-08-02,2985
2024-08-03,2904.78
2024-08-04,2698.46
2024-08-05,2434.27
2024-08-06,2458.63
2024-08-07,2346.31
2024-08-08,2686.69
2024-08-09,2592.96
2024-08-10,2606.88
2024-08-11,2559
2024-08-12,2728.86
2024-08-13,2702.5
2024-08-14,2666.78
2024-08-15,2573.75
2024-08-16,2594.5
2024-08-17,2612.19
2024-08-18,2624.8
2024-08-19,2631.96
2024-08-20,2578.05
2024-08-21,2628.34
2024-08-22,2623.25
2024-08-23,2766.07
2024-08-24,2762.01
2024-08-25,2758.15
2024-08-26,2686.35
2024-08-27,2461.35
2024-08-28,2529.47
2024-08-29,2527.17
2024-08-30,2526.79
2024-08-31,2513.4
2024-09-01,2425.94
2024-09-02,2538.61
2024-09-03,2439.81
2024-09-04,2452.93
2024-09-05,2367.17
2024-09-06,2220.58
2024-09-07,2269.69
2024-09-08,2300.07
2024-09-09,2362.04
2024-09-10,2389.52
2024-09-11,2342.31
2024-09-12,2362.33
2024-09-13,2442.77
2024-09-14,2417.19
2024-09-15,2319.29
2024-09-16,2295.19
2024-09-17,2337.07
2024-09-18,2358.79
2024-09-19,2468.43
2024-09-20,2554.73
2024-09-21,2604.74
2024-09-22,2581.11
2024-09-23,2647.94
2024-09-24,2655.49
2024-09-25,2574.79
2024-09-26,2629.71
2024-09-27,2698.2
2024-09-28,2674.7
2024-09-29,2656.3
2024-09-30,2596.25
2024-10-01,2449.83
2024-10-02,2368.08
2024-10-03,2349.51
2024-10-04,2415.13
2024-10-05,2414.33
2024-10-06,2438.5
2024-10-07,2426.58
2024-10-08,2439.59
2024-10-09,2367.17
2024-10-10,2382.12
2024-10-11,2437.69
2024-10-12,2478.24
2024-10-13,2465.14
2024-10-14,2630.93
2024-10-15,2600.52
2024-10-16,2611.99
2024-10-17,2603.24
2024-10-18,2641.45
2024-10-19,2649.7
2024-10-20,2746.12
2024-10-21,2667.33
2024-10-22,2623.28
2024-10-23,2521.68
2024-10-24,2532.14
2024-10-25,2415.21
2024-10-26,2480.58
2024-10-27,2508.49
2024-10-28,2566.19
2024-10-29,2635.22
2024-10-30,2660.87
2024-10-31,2517.79
2024-11-01,2512.5
2024-11-02,2488.87
2024-11-03,2454.6
2024-11-04,2396.67
2024-11-05,2428.97
2024-11-06,2722.98
2024-11-07,2891.88
2024-11-08,2960.27
2024-11-09,3139.99
2024-11-10,3187.54
2024-11-11,3370.24
2024-11-12,3255.13
2024-11-13,3190.9
2024-11-14,3056.41
2024-11-15,3097.46
2024-11-16,3134.39
2024-11-17,3070.19
2024-11-18,3188.89
2024-11-19,3111.79
2024-11-20,3073.43
2024-11-21,3365.33
2024-11-22,3325.38
2024-11-23,3397.37
2024-11-24,3363.88
2024-11-25,3429.9
2024-11-26,3324.46
2024-11-27,3669.23
2024-11-28,3584.21
2024-11-29,3595.61
2024-11-30,3713.2
2024-12-01,3716.08
2024-12-02,3637.09
2024-12-03,3623.91
2024-12-04,3844.66
2024-12-05,3794.69
2024-12-06,4013.47
2024-12-07,4006.19
2024-12-08,4001.65
2024-12-09,3714.18
2024-12-10,3632.35
2024-12-11,3836.85
2024-12-12,3877.05
2024-12-13,3905.45
2024-12-14,3868.6
2024-12-15,3947.67
2024-12-16,3995.18
2024-12-17,3877.74
2024-12-18,3636.54
2024-12-19,3429.87
2024-12-20,3471.52
2024-12-21,3328.84
2024-12-22,3278.35
2024-12-23,3422.52
2024-12-24,3494.75
2024-12-25,3490.75
2024-12-26,3325.23
2024-12-27,3322.1
2024-12-28,3397.1
2024-12-29,3346.93
2024-12-30,3355.47
2024-12-31,3332.45
2025-01-01,3350.89
2025-01-02,3447.59
2025-01-03,3606.25
2025-01-04,3657.79
2025-01-05,3638.22
2025-01-06,3683.08
2025-01-07,3382.57
2025-01-08,3325.54
2025-01-09,3217.34
2025-01-10,3269.77
2025-01-11,3286.38
2025-01-12,3258.17
2025-01-13,3133.14
2025-01-14,3226.58
2025-01-15,3441.04
2025-01-16,3303.13
2025-01-17,3478.9
2025-01-18,3303.37
2025-01-19,3204.05
2025-01-20,3285.43
2025-01-21,3322.64
2025-01-22,3239.68
2025-01-23,3335.84
2025-01-24,3310.43
2025-01-25,3323.47
2025-01-26,3241.02
2025-01-27,3170.5
2025-01-28,3070.76
2025-01-29,3123.7
2025-01-30,3255.85
2025-01-31,3292.62
2025-02-01,3119.95
2025-02-02,2844.26
2025-02-03,2877.58
2025-02-04,2723.61
2025-02-05,2780.86
2025-02-06,2685.13
2025-02-07,2612.95
2025-02-08,2637.16
2025-02-09,2623.44
2025-02-10,2658.92
2025-02-11,2603.97
2025-02-12,2738.65
2025-02-13,2674.91
2025-02-14,2725.08
2025-02-15,2694.22
2025-02-16,2662.07
2025-02-17,2743.38
2025-02-18,2667.12
2025-02-19,2718.18
2025-02-20,2740.72
2025-02-21,2655.74
2025-02-22,2766.36
2025-02-23,2821.86
2025-02-24,2519.5
2025-02-25,2499.37
2025-02-26,2330.43
2025-02-27,2298.5
2025-02-28,2229.93
2025-03-01,2208.95
2025-03-02,2519.35
2025-03-03,2153.6
2025-03-04,2170.06
2025-03-05,2241.07
2025-03-06,2206.34
2025-03-07,2134.74
2025-03-08,2199.75
2025-03-09,2015.69
2025-03-10,1879.69
2025-03-11,1923.01
2025-03-12,1906.52
2025-03-13,1863.53
2025-03-14,1914.7
2025-03-15,1939.64
2025-03-16,1884.7
2025-03-17,1927.87
2025-03-18,1930.51
2025-03-19,2056.97
2025-03-20,1978.2
2025-03-21,1966.11
2025-03-22,1978.73
2025-03-23,1997.88
2025-03-24,2073.91
2025-03-25,2065.11
2025-03-26,2005.43
2025-03-27,2003.37
2025-03-28,1896.03
2025-03-29,1823.6
2025-03-30,1802.8
2025-03-31,1823.44
2025-04-01,1908.29
2025-04-02,1795.49
2025-04-03,1813.54
2025-04-04,1813
2025-04-05,1802.98
2025-04-06,1569.1
2025-04-07,1560.24
2025-04-08,1471.09
2025-04-09,1662.91
2025-04-10,1522.27
2025-04-11,1565.57
2025-04-12,1646.45
2025-04-13,1593.31
2025-04-14,1623.45
2025-04-15,1590.8
2025-04-16,1577.76
2025-04-17,1584.57
2025-04-18,1589.18
2025-04-19,1614.76
2025-04-20,1585.28
2025-04-21,1576.97
2025-04-22,1758
2025-04-23,1797.82
2025-04-24,1769.48
2025-04-25,1789.57
2025-04-26,1820.05
2025-04-27,1793.4
2025-04-28,1799.89
2025-04-29,1792.95
2025-04-30,1795.28
2025-05-01,1838.21
2025-05-02,1841.31
2025-05-03,1835.44
2025-05-04,1809.27
2025-05-05,1822.43
2025-05-06,1814.23
2025-05-07,1814.55
2025-05-08,2193.07
2025-05-09,2342.21
2025-05-10,2584.61
2025-05-11,2507.64
2025-05-12,2493.59
2025-05-13,2676.5
2025-05-14,2603.06
2025-05-15,2540.69
2025-05-16,2546.7
2025-05-17,2474.61
2025-05-18,2465.93
2025-05-19,2526.46
2025-05-20,2525.32
2025-05-21,2557.99
2025-05-22,2657.42
2025-05-23,2521.84
2025-05-24,2529.65
2025-05-25,2547
2025-05-26,2561.93
2025-05-27,2661.42
2025-05-28,2677.12
2025-05-29,2633.37
2025-05-30,2525.28
2025-05-31,2532.56
2025-06-01,2539.24
2025-06-02,2608.39
2025-06-03,2595.08
2025-06-04,2609.93
2025-06-05,2421.26
2025-06-06,2479.93
2025-06-07,2527.1
2025-06-08,2509.57
2025-06-09,2676.71
2025-06-10,2806.21
2025-06-11,2774.56
2025-06-12,2652.94
2025-06-13,2578.02
2025-06-14,2533.09
2025-06-15,2546.59
2025-06-16,2565.02
2025-06-17,2513.4
2025-06-18,2522.49
2025-06-19,2523.05
2025-06-20,2403.17
2025-06-21,2266.04
2025-06-22,2227.35
2025-06-23,2421.45
2025-06-24,2443.17
2025-06-25,2417.99
2025-06-26,2415.25
2025-06-27,2422.04
2025-06-28,2438.22
2025-06-29,2503.22
2025-06-30,2488.96
2025-07-01,2400.7
2025-07-02,2579.96
2025-07-03,2590.32
2025-07-04,2510.09
2025-07-05,2518.46
2025-07-06,2569.75
2025-07-07,2542.78
2025-07-08,2615.43
2025-07-09,2775.83
2025-07-10,2950.43
2025-07-11,2958.64
2025-07-12,2940.4
2025-07-13,2969.64
2025-07-14,3011.78
2025-07-15,3132.87
2025-07-16,3366.31
2025-07-17,3489.4
2025-07-18,3542.34
2025-07-19,3592.11
2025-07-20,3755.07
2025-07-21,3765.9
2025-07-22,3745.9
2025-07-23,3629.55
2025-07-24,3709.51
2025-07-25,3722.56
2025-07-26,3743.36
2025-07-27,3863.5
2025-07-28,3790.9
2025-07-29,3790.87
2025-07-30,3800.86
2025-07-31,3701.45
2025-08-01,3482.3
2025-08-02,3393.52
2025-08-03,3504.17
2025-08-04,3719.13
2025-08-05,3614.08
2025-08-06,3682.02
2025-08-07,3904.24
2025-08-08,4016.26
2025-08-09,4261.92
2025-08-10,4248.71
2025-08-11,4227.64
2025-08-12,4599.41
2025-08-13,4760.83
2025-08-14,4560.77
2025-08-15,4429.99
2025-08-16,4422.67
2025-08-17,4487.71
2025-08-18,4321.53
2025-08-19,4093.51
2025-08-20,4337.66
2025-08-21,4222.58
2025-08-22,4831.1
2025-08-23,4778.37
2025-08-24,4787.25
2025-08-25,4377.51
2025-08-26,4601.97
2025-08-27,4507.04
2025-08-28,4504.05
2025-08-29,4366.79
2025-08-30,4372.11
2025-08-31,4396.61
2025-09-01,4300.58
2025-09-02,4322.34
2025-09-03,4455.87
2025-09-04,4316.9
2025-09-05,4308.77
2025-09-06,4277.16
2025-09-07,4316.1
2025-09-08,4305.12
2025-09-09,4309.73
2025-09-10,4348.6
2025-09-11,4461.98
2025-09-12,4702.88
2025-09-13,4666.35
2025-09-14,4609.89
2025-09-15,4524.12
2025-09-16,4506.83
2025-09-17,4595.05
2025-09-18,4586.34
2025-09-19,4463.6
2025-09-20,4483.95
2025-09-21,4452.53
2025-09-22,4204.6
2025-09-23,4170.44
2025-09-24,4153.13
2025-09-25,3875.38
2025-09-26,4031.71
2025-09-27,4020.12
2025-09-28,4136.48
2025-09-29,4220.42
2025-09-30,4141.04
2025-10-01,4338.29
2025-10-02,4478.62
2025-10-03,4519.82
2025-10-04,4488.75
2025-10-05,4518.09
2025-10-06,4695.78
2025-10-07,4464.01
2025-10-08,4529.19
2025-10-09,4368.91
2025-10-10,3867.08
2025-10-11,3749.89
2025-10-12,4147.58
2025-10-13,4249.55
2025-10-14,4135.18
2025-10-15,3984.27
2025-10-16,3890.11
2025-10-17,3838.56
2025-10-18,3888.67
2025-10-19,3988.24
2025-10-20,3982.15
2025-10-21,3881.4
2025-10-22,3799.06
2025-10-23,3856.1
2025-10-24,3932.93
2025-10-25,3955.02
2025-10-26,4166.26
2025-10-27,4118.91
2025-10-28,3984.37
2025-10-29,3902.84
2025-10-30,3791.08
2025-10-31,3851.15
2025-11-01,3871.7
2025-11-02,3892.97
2025-11-03,3595.68
2025-11-04,3282.72
2025-11-05,3428.02
2025-11-06,3303.67
2025-11-07,3438.07
2025-11-08,3405.3
2025-11-09,3576.41
2025-11-10,3570.59
2025-11-11,3419.72
2025-11-12,3410.53
2025-11-13,3247.69
2025-11-14,3112.33
2025-11-15,3169.93
2025-11-16,3090.51
2025-11-17,3018.12
2025-11-18,3117.44
2025-11-19,3015.43
2025-11-20,2844.77
2025-11-21,2757.04
2025-11-22,2772.13
2025-11-23,2802.27
2025-11-24,2958.66
2025-11-25,2962.53
2025-11-26,3024.36
2025-11-27,3015.04
2025-11-28,3035.43
2025-11-29,2991.33
2025-11-30,3002.61
2025-12-01,2804.79
2025-12-02,3003.38
2025-12-03,3189.75
2025-12-04,3136.48
2025-12-05,3021.45
2025-12-06,3036.22
2025-12-07,3048.1
2025-12-08,3125.15
2025-12-09,3325.94
2025-12-10,3329.81
2025-12-11,3237.48
2025-12-12,3087.8
2025-12-13,3114.87
2025-12-14,3060.7
2025-12-15,2962.21
2025-12-16,2958.28
2025-12-17,2826.69
2025-12-18,2826.57
2025-12-19,2980.47
2025-12-20,2975.46
2025-12-21,3000.94
2025-12-22,3004.77
2025-12-23,2963.26
2025-12-24,2946.73
2025-12-25,2905.21
2025-12-26,2926.09
2025-12-27,2942.31
2025-12-28,2946.08
2025-12-29,2933.91
2025-12-30,2969.2
2025-12-31,2968.13
2026-01-01,3000.89
2026-01-02,3124.26
2026-01-03,3125.25
2026-01-04,3140.12
2026-01-05,3229.65
2026-01-06,3291.04
2026-01-07,3163.43
2026-01-08,3109.11
2026-01-09,3085
2026-01-10,3082.06
2026-01-11,3112.55
2026-01-12,3091.07
2026-01-13,3322.3
2026-01-14,3356.5
2026-01-15,3314.54
2026-01-16,3295.41
2026-01-17,3306.93
2026-01-18,3301.93
2026-01-19,3185.1
2026-01-20,2937.82
2026-01-21,2991.98
2026-01-22,2947.89
2026-01-23,2951.59
2026-01-24,2950.66
2026-01-25,2806.83
2026-01-26,2930.18
2026-01-27,3022.82
2026-01-28,3008.44
2026-01-29,2818.53
2026-01-30,2699.64
2026-01-31,2444.24
2026-02-01,2270.23
2026-02-02,2345.61
2026-02-03,2231.43
2026-02-04,2147.39
2026-02-05,1850.04
2026-02-06,2064.08
2026-02-07,2086.31
2026-02-08,2093.81
2026-02-09,2107.03
2026-02-10,2017.26
2026-02-11,1940.06
2026-02-12,1944.86
2026-02-13,2048.51
2026-02-14,2086.64
2026-02-15,1960.28
2026-02-16,1996.39
2026-02-17,1992.43
2026-02-18,1951.87
2026-02-19,1947.86
2026-02-20,1967.11
2026-02-21,1974.54
2026-02-22,1952.79
2026-02-23,1856.81
2026-02-24,1855.42
2026-02-25,2057.29
2026-02-26,2028.46
2026-02-27,1929.71
2026-02-28,1963.49
2026-03-01,1938.47
2026-03-02,2033.19
2026-03-03,1987.21
2026-03-04,2127.57
2026-03-05,2076.63
2026-03-06,1982.56
2026-03-07,1970.39
2026-03-08,1942.91
2026-03-09,1997.01
2026-03-10,2034.95
2026-03-11,2055.77
2026-03-12,2078.94
2026-03-13,2092.09
2026-03-14,2096.33
2026-03-15,2177.81
2026-03-16,2351.36
2026-03-17,2323.32
2026-03-18,2200.48
2026-03-19,2138.02
2026-03-20,2146.58
2026-03-21,2124.6
2026-03-22,2058.15
2026-03-23,2148.13
2026-03-24,2157.06
2026-03-25,2168.53
2026-03-26,2059.03
2026-03-27,1988.9
2026-03-28,1994.4
2026-03-29,1982.87
2026-03-30,2022.78
2026-03-31,2101.43
2026-04-01,2140.88
2026-04-02,2056.42
2026-04-03,2051.62
2026-04-04,2064.24
2026-04-05,2110.89
2026-04-06,2101.86
2026-04-07,2247.91
2026-04-08,2188.63
2026-04-09,2190.25
2026-04-10,2244.53
2026-04-11,2286.85
2026-04-12,2190.14
2026-04-13,2373.18
2026-04-14,2323.21
2026-04-15,2356.78
2026-04-16,2349.63
2026-04-17,2422.27
2026-04-18,2353.92
2026-04-19,2265.86
2026-04-20,2313.77
2026-04-21,2323.71
2026-04-22,2381.75
2026-04-23,2330.5
2026-04-24,2315.62
2026-04-25,2319.28
2026-04-26,2368.82
2026-04-27,2297.94
2026-04-28,2287.49
2026-04-29,2254.1
2026-04-30,2256.62
2026-05-01,2292.81
2026-05-02,2318.91
2026-05-03,2326.04
2026-05-04,2347.41
2026-05-05,2360.64
2026-05-06,2348.58
2026-05-07,2290.28
2026-05-08,2306.36
2026-05-09,2326.39
2026-05-10,2374.79
2026-05-11,2339.08
2026-05-12,2277.52
2026-05-13,2257.21
2026-05-14,2288.83
2026-05-15,2223.05
2026-05-16,2180.5
2026-05-17,2143.14
2026-05-18,2130.2
2026-05-19,2112.01
2026-05-20,2125.17
2026-05-21,2132.13
2026-05-22,2066.77
2026-05-23,2116.17
