,btc_12m,ffr_chg_12m,ffr
2013-01-31,2.7037,0.0000,0.2500
2013-02-28,5.8494,0.0000,0.2500
2013-03-31,18.2031,0.0000,0.2500
2013-04-30,27.1520,0.0000,0.2500
2013-05-31,23.6673,0.0000,0.2500
2013-06-30,12.3945,0.0000,0.2500
2013-07-31,9.5165,0.0000,0.2500
2013-08-31,11.7077,0.0000,0.2500
2013-09-30,9.1754,0.0000,0.2500
2013-10-31,17.2381,0.0000,0.2500
2013-11-30,87.9314,0.0000,0.2500
2013-12-31,52.8594,0.0000,0.2500
2014-01-31,38.1602,0.0000,0.2500
2014-02-28,15.5181,0.0000,0.2500
2014-03-31,3.8494,0.0000,0.2500
2014-04-30,2.2263,0.0000,0.2500
2014-05-31,3.9125,0.0000,0.2500
2014-06-30,6.1406,0.0000,0.2500
2014-07-31,4.9371,0.0000,0.2500
2014-08-31,2.7274,0.0000,0.2500
2014-09-30,2.0872,0.0000,0.2500
2014-10-31,0.6587,0.0000,0.2500
2014-11-30,-0.6617,0.0000,0.2500
2014-12-31,-0.5605,0.0000,0.2500
2015-01-31,-0.7294,0.0000,0.2500
2015-02-28,-0.5375,0.0000,0.2500
2015-03-31,-0.4626,0.0000,0.2500
2015-04-30,-0.4735,0.0000,0.2500
2015-05-31,-0.6346,0.0000,0.2500
2015-06-30,-0.5870,0.0000,0.2500
2015-07-31,-0.5110,0.0000,0.2500
2015-08-31,-0.5179,0.0000,0.2500
2015-09-30,-0.3918,0.0000,0.2500
2015-10-31,-0.0684,0.0000,0.2500
2015-11-30,-0.0034,0.0000,0.2500
2015-12-31,0.3400,0.2500,0.5000
2016-01-31,0.6856,0.2500,0.5000
2016-02-29,0.7171,0.2500,0.5000
2016-03-31,0.6998,0.2500,0.5000
2016-04-30,0.9037,0.2500,0.5000
2016-05-31,1.3140,0.2500,0.5000
2016-06-30,1.5555,0.2500,0.5000
2016-07-31,1.1954,0.2500,0.5000
2016-08-31,1.4807,0.2500,0.5000
2016-09-30,1.5719,0.2500,0.5000
2016-10-31,1.2249,0.2500,0.5000
2016-11-30,0.9667,0.2500,0.5000
2016-12-31,1.2551,0.2500,0.7500
2017-01-31,1.6437,0.2500,0.7500
2017-02-28,1.7146,0.2500,0.7500
2017-03-31,1.6006,0.5000,1.0000
2017-04-30,2.0717,0.5000,1.0000
2017-05-31,3.3308,0.5000,1.0000
2017-06-30,2.6375,0.7500,1.2500
2017-07-31,3.5816,0.7500,1.2500
2017-08-31,7.2834,0.7500,1.2500
2017-09-30,6.1190,0.7500,1.2500
2017-10-31,8.1981,0.7500,1.2500
2017-11-30,12.4690,0.7500,1.2500
2017-12-31,13.3673,0.7500,1.5000
2018-01-31,9.3770,0.7500,1.5000
2018-02-28,7.6730,0.7500,1.5000
2018-03-31,5.3992,0.7500,1.7500
2018-04-30,5.6780,0.7500,1.7500
2018-05-31,2.2524,0.7500,1.7500
2018-06-30,1.5994,0.7500,2.0000
2018-07-31,1.6986,0.7500,2.0000
2018-08-31,0.4820,0.7500,2.0000
2018-09-30,0.5237,1.0000,2.2500
2018-10-31,-0.0190,1.0000,2.2500
2018-11-30,-0.6025,1.0000,2.2500
2018-12-31,-0.7351,1.0000,2.5000
2019-01-31,-0.6607,1.0000,2.5000
2019-02-28,-0.6320,1.0000,2.5000
2019-03-31,-0.4085,0.7500,2.5000
2019-04-30,-0.4293,0.7500,2.5000
2019-05-31,0.1441,0.7500,2.5000
2019-06-30,0.7007,0.5000,2.5000
2019-07-31,0.3021,0.2500,2.2500
2019-08-31,0.3672,0.2500,2.2500
2019-09-30,0.2541,-0.2500,2.0000
2019-10-31,0.4518,-0.5000,1.7500
2019-11-30,0.9017,-0.5000,1.7500
2019-12-31,0.9439,-0.7500,1.7500
2020-01-31,1.7440,-0.7500,1.7500
2020-02-29,1.2626,-0.7500,1.7500
2020-03-31,0.5710,-2.2500,0.2500
2020-04-30,0.6429,-2.2500,0.2500
2020-05-31,0.1026,-2.2500,0.2500
2020-06-30,-0.1567,-2.2500,0.2500
2020-07-31,0.1272,-2.0000,0.2500
2020-08-31,0.2159,-2.0000,0.2500
2020-09-30,0.3006,-1.7500,0.2500
2020-10-31,0.5081,-1.5000,0.2500
2020-11-30,1.6024,-1.5000,0.2500
2020-12-31,3.0493,-1.5000,0.2500
2021-01-31,2.5435,-1.5000,0.2500
2021-02-28,4.2854,-1.5000,0.2500
2021-03-31,8.1400,0.0000,0.2500
2021-04-30,5.6734,0.0000,0.2500
2021-05-31,2.9552,0.0000,0.2500
2021-06-30,2.8348,0.0000,0.2500
2021-07-31,2.6861,0.0000,0.2500
2021-08-31,3.0433,0.0000,0.2500
2021-09-30,3.0642,0.0000,0.2500
2021-10-31,3.4493,0.0000,0.2500
2021-11-30,1.9036,0.0000,0.2500
2021-12-31,0.5972,0.0000,0.2500
2022-01-31,0.1600,0.0000,0.2500
2022-02-28,-0.0481,0.0000,0.2500
2022-03-31,-0.2250,0.2500,0.5000
2022-04-30,-0.3468,0.2500,0.5000
2022-05-31,-0.1469,0.7500,1.0000
2022-06-30,-0.4487,1.5000,1.7500
2022-07-31,-0.4411,2.2500,2.5000
2022-08-31,-0.5759,2.2500,2.5000
2022-09-30,-0.5561,3.0000,3.2500
2022-10-31,-0.6665,3.0000,3.2500
2022-11-30,-0.6992,3.7500,4.0000
2022-12-31,-0.6435,4.2500,4.5000
2023-01-31,-0.3986,4.2500,4.5000
2023-02-28,-0.4640,4.5000,4.7500
2023-03-31,-0.3742,4.5000,5.0000
2023-04-30,-0.2215,4.5000,5.0000
2023-05-31,-0.1449,4.2500,5.2500
2023-06-30,0.5768,3.5000,5.2500
2023-07-31,0.2511,3.0000,5.5000
2023-08-31,0.2961,3.0000,5.5000
2023-09-30,0.3881,2.2500,5.5000
2023-10-31,0.6903,2.2500,5.5000
2023-11-30,1.1955,1.5000,5.5000
2023-12-31,1.5549,1.0000,5.5000
2024-01-31,0.8413,1.0000,5.5000
2024-02-29,1.6525,0.7500,5.5000
2024-03-31,1.4979,0.5000,5.5000
2024-04-30,1.0651,0.5000,5.5000
2024-05-31,1.4755,0.2500,5.5000
2024-06-30,1.0589,0.2500,5.5000
2024-07-31,1.2139,0.0000,5.5000
2024-08-31,1.2716,0.0000,5.5000
2024-09-30,1.3449,-0.5000,5.0000
2024-10-31,1.0316,-0.5000,5.0000
2024-11-30,1.5579,-0.7500,4.7500
2024-12-31,1.2121,-1.0000,4.5000
2025-01-31,1.4011,-1.0000,4.5000
2025-02-28,0.3722,-1.0000,4.5000
2025-03-31,0.1577,-1.0000,4.5000
2025-04-30,0.5541,-1.0000,4.5000
2025-05-31,0.5541,-1.0000,4.5000
2025-06-30,0.7073,-1.0000,4.5000
2025-07-31,0.7908,-1.0000,4.5000
2025-08-31,0.8371,-1.0000,4.5000
2025-09-30,0.8016,-0.7500,4.2500
2025-10-31,0.5569,-1.0000,4.0000
2025-11-30,-0.0607,-0.7500,4.0000
2025-12-31,-0.0629,-0.7500,3.7500
2026-01-31,-0.2304,-0.7500,3.7500
2026-02-28,-0.2051,-0.7500,3.7500
2026-03-31,-0.1728,-0.7500,3.7500
2026-04-30,-0.1903,-0.7500,3.7500
2026-05-31,-0.2959,-0.7500,3.7500
2026-06-30,-0.4526,-0.7500,3.7500
2026-07-31,-0.4571,-0.7500,3.7500
2026-08-31,-0.2741,-0.7500,3.7500
2026-09-30,-0.3359,-0.5000,3.7500
