date,2013,2017,2021,2025
0,1.00000,1.00000,1.00000,1.00000
1,0.90526,0.98014,0.99339,0.97408
2,0.72655,0.96647,0.95876,0.98851
3,0.62008,0.89882,0.96182,0.97420
4,0.69042,0.83774,0.94873,0.91132
5,0.78955,0.79600,0.95345,0.88877
6,0.86099,0.72838,0.96284,0.92252
7,0.77138,0.75919,0.94391,0.92396
8,0.76950,0.71415,0.89311,0.90789
9,0.77463,0.71693,0.89062,0.88815
10,0.75146,0.80075,0.84087,0.86630
11,0.76134,0.78353,0.85894,0.85421
12,0.59730,0.72755,0.88463,0.85836
13,0.60147,0.74192,0.87402,0.87088
14,0.46357,0.65929,0.83480,0.88637
15,0.60402,0.70882,0.85343,0.87083
16,0.52886,0.68556,0.84602,0.86256
17,0.52605,0.75122,0.87366,0.88173
18,0.54190,0.76425,0.79655,0.88945
19,0.57971,0.76731,0.80892,0.89418
20,0.57331,0.86542,0.84760,0.91775
21,0.59765,0.87083,0.85755,0.91399
22,0.66083,0.82644,0.84536,0.90512
23,0.63667,0.76054,0.84660,0.88289
24,0.63075,0.73209,0.83775,0.86538
25,0.64081,0.74688,0.79464,0.87767
26,0.64827,0.67141,0.72784,0.88128
27,0.64282,0.70209,0.73032,0.88436
28,0.66295,0.72458,0.74821,0.85317
29,0.69163,0.69658,0.74879,0.81194
30,0.71125,0.69202,0.74770,0.83250
31,0.73009,0.58201,0.70975,0.81108
32,0.79519,0.56819,0.70234,0.82859
33,0.80574,0.57259,0.73024,0.81983
34,0.70784,0.58249,0.74230,0.83867
35,0.72312,0.65011,0.69269,0.84985
36,0.73250,0.58157,0.71500,0.82495
37,0.75185,0.54670,0.72297,0.81460
38,0.78380,0.55240,0.70569,0.80141
39,0.74471,0.57157,0.68601,0.75709
40,0.72505,0.56671,0.69446,0.76541
41,0.71837,0.56188,0.69404,0.75452
42,0.74109,0.57641,0.69520,0.73633
43,0.71886,0.59143,0.72669,0.74374
44,0.69857,0.56682,0.72092,0.73159
45,0.71351,0.50709,0.75084,0.69627
46,0.73875,0.51170,0.75189,0.68054
47,0.73034,0.46027,0.74903,0.67916
48,0.72588,0.44735,0.75210,0.69596
49,0.72161,0.46496,0.75207,0.70802
50,0.71451,0.42008,0.70583,0.70046
51,0.68819,0.34875,0.68802,0.72461
52,0.70877,0.39401,0.69738,0.73172
53,0.71766,0.38821,0.68632,0.72895
54,0.65440,0.41845,0.70416,0.72776
55,0.69623,0.44095,0.70109,0.72588
56,0.69906,0.43432,0.68777,0.69301
57,0.70443,0.41225,0.67967,0.73326
58,0.70774,0.45354,0.64450,0.74993
59,0.71654,0.43400,0.63879,0.73868
60,0.71766,0.48203,0.61462,0.71525
61,0.71105,0.51458,0.61887,0.71436
62,0.70496,0.51879,0.62016,0.72156
63,0.69121,0.56443,0.61913,0.72641
64,0.67279,0.53217,0.63321,0.74352
65,0.62697,0.56716,0.65087,0.73786
66,0.59711,0.57259,0.63112,0.74203
67,0.60568,0.53252,0.63816,0.72367
68,0.60396,0.50295,0.63970,0.72298
69,0.59202,0.51725,0.63914,0.70576
70,0.57604,0.49320,0.62497,0.69179
71,0.54005,0.48895,0.62822,0.70301
72,0.58928,0.52506,0.61869,0.68945
73,0.57658,0.54246,0.60342,0.68444
74,0.54915,0.52478,0.54029,0.70634
75,0.55628,0.55618,0.51814,0.70734
76,0.55270,0.56079,0.53702,0.70927
77,0.54941,0.58174,0.54277,0.70879
78,0.49674,0.58362,0.54711,0.69991
79,0.51133,0.58760,0.54523,0.70199
80,0.53494,0.54362,0.54813,0.69883
81,0.53755,0.50422,0.55919,0.69966
82,0.47780,0.47506,0.56392,0.70255
83,0.47026,0.47240,0.56237,0.70297
84,0.51772,0.44737,0.56947,0.69805
85,0.51580,0.48438,0.57428,0.70843
86,0.48575,0.46577,0.54695,0.70112
87,0.50006,0.46641,0.54866,0.71047
88,0.49213,0.41863,0.60821,0.72054
89,0.59608,0.42100,0.61456,0.72581
90,0.59432,0.42651,0.62714,0.73191
91,0.59064,0.40130,0.64981,0.75265
92,0.58833,0.41695,0.65393,0.74965
93,0.55666,0.43466,0.65745,0.73070
94,0.54763,0.45292,0.64574,0.72980
95,0.56442,0.45211,0.62713,0.72534
96,0.55347,0.44351,0.62441,0.72427
97,0.55839,0.44662,0.62473,0.72676
98,0.55919,0.43843,0.63140,0.73016
99,0.56694,0.42976,0.65903,0.76351
100,0.55361,0.41604,0.65242,0.77745
101,0.56058,0.39904,0.60126,0.76545
102,0.55877,0.40394,0.59288,0.76499
103,0.54872,0.36193,0.59365,0.76193
104,0.54128,0.34786,0.57078,0.75515
105,0.53793,0.35245,0.54926,0.74125
106,0.51687,0.34645,0.56561,0.70689
107,0.50196,0.35810,0.55237,0.71781
108,0.49756,0.37783,0.56682,0.71617
109,0.49251,0.34523,0.58221,0.71653
110,0.51547,0.34614,0.57826,0.71449
111,0.51437,0.33657,0.55765,0.69254
112,0.51038,0.35063,0.63930,0.70770
113,0.42572,0.35692,0.65640,0.71509
114,0.43938,0.34301,0.65122,0.71443
115,0.43132,0.34707,0.62913,0.67712
116,0.40440,0.35360,0.57900,0.67308
117,0.40122,0.40245,0.58310,0.63051
118,0.42206,0.40320,0.56853,0.61616
119,0.38682,0.40765,0.56479,0.63062
120,0.39601,0.42475,0.57336,0.60633
121,0.39625,0.40971,0.62168,0.58559
122,0.40679,0.40161,0.58456,0.50867
123,0.40411,0.41561,0.57484,0.56598
124,0.39532,0.42122,0.57670,0.55411
125,0.39897,0.45006,0.55978,0.56498
126,0.39019,0.45129,0.58703,0.56275
127,0.32329,0.44810,0.58270,0.55029
128,0.37178,0.45471,0.60854,0.53667
129,0.37383,0.49144,0.60653,0.53052
130,0.36686,0.45088,0.61926,0.55166
131,0.40629,0.47172,0.62470,0.55917
132,0.45960,0.45729,0.61139,0.54981
133,0.46829,0.47564,0.60798,0.55075
134,0.44041,0.47845,0.62751,0.54053
135,0.42559,0.46988,0.63271,0.53179
136,0.44440,0.46191,0.65107,0.53621
137,0.44193,0.46863,0.65659,0.54459
138,0.43887,0.49646,0.65915,0.54493
139,0.43131,0.49371,0.69257,0.54116
140,0.43230,0.49876,0.69918,0.51825
141,0.44346,0.48854,0.70273,0.51371
142,0.41097,0.47552,0.69769,0.54508
143,0.40463,0.46905,0.67458,0.54092
144,0.38655,0.47316,0.68477,0.52766
145,0.38905,0.46015,0.68017,0.53648
146,0.39448,0.42869,0.68758,0.52661
147,0.39551,0.43206,0.69088,0.55216
148,0.40548,0.44275,0.67651,0.54822
149,0.39847,0.44149,0.64116,0.58216
150,0.38679,0.43219,0.64507,0.56870
151,0.38476,0.42401,0.62513,0.54658
152,0.38094,0.40989,0.63192,0.53928
153,0.37899,0.41919,0.62575,0.53037
154,0.38961,0.41901,0.58547,0.54900
155,0.38804,0.43336,0.59365,0.55992
156,0.39888,0.42762,0.60929,0.56318
157,0.40245,0.40770,0.59099,0.56510
158,0.38691,0.38293,0.60003,0.56824
159,0.38882,0.38571,0.59873,0.56989
160,0.38681,0.37806,0.58786,0.58252
161,0.39196,0.37302,0.60435,0.59863
162,0.39382,0.37363,0.61428,0.59352
163,0.39539,0.36205,0.61289,0.57084
164,0.39581,0.37950,0.59900,0.56038
165,0.39382,0.37548,0.58835,0.56488
166,0.39421,0.38078,0.58604,0.55844
167,0.43204,0.38287,0.58499,0.54491
168,0.43521,0.38886,0.59924,0.56661
169,0.46418,0.39216,0.56369,0.56568
170,0.46144,0.38118,0.58066,0.57105
171,0.46495,0.38752,0.58849,0.55056
172,0.50515,0.38954,0.57164,0.53046
173,0.51532,0.39031,0.55838,0.53156
174,0.50569,0.38811,0.56941,0.52848
175,0.51033,0.38472,0.57100,0.53396
176,0.50254,0.34341,0.55824,0.54649
177,0.54703,0.34874,0.58692,0.54570
178,0.55324,0.33231,0.54044,0.53602
179,0.55517,0.32110,0.53364,0.53589
180,0.58462,0.33756,0.52573,0.53912
181,0.59245,0.32584,0.50426,0.55215
182,0.56734,0.33071,0.45095,0.55072
183,0.58286,0.32844,0.45884,0.57727
184,0.57284,0.34133,0.42635,0.56948
185,0.57871,0.34279,0.42982,0.57512
186,0.57961,0.34384,0.43360,0.58438
187,0.57126,0.34217,0.44494,0.58578
188,0.57355,0.30852,0.46168,0.56628
189,0.55641,0.31436,0.44253,0.59790
190,0.52160,0.31295,0.45066,0.59422
191,0.52606,0.31789,0.42598,0.59894
192,0.50713,0.31039,0.44799,0.60161
193,0.51961,0.31258,0.43268,0.61779
194,0.52036,0.29829,0.43558,0.60719
195,0.53667,0.31674,0.44908,0.59208
196,0.53539,0.32461,0.43067,0.60737
197,0.52492,0.32389,0.43889,0.60972
198,0.52121,0.33647,0.43791,0.62743
199,0.52229,0.33086,0.43429,0.62675
200,0.52835,0.33499,0.42362,0.62043
201,0.51946,0.33275,0.43004,0.62187
202,0.51102,0.33596,0.43573,0.62920
203,0.49539,0.34306,0.46987,0.61892
204,0.51170,0.34138,0.47128,0.61122
205,0.52923,0.33930,0.44159,0.60721
206,0.52372,0.32123,0.45164,0.61126
207,0.52941,0.32474,0.43918,0.62594
208,0.56298,0.31361,0.44110,0.63059
209,0.56652,0.31613,0.44292,0.63008
210,0.57387,0.31848,0.46392,0.63951
211,0.56956,0.32319,0.46157,0.64841
212,0.55566,0.34168,0.44755,0.65183
213,0.55551,0.37273,0.44512,0.64081
214,0.55922,0.37555,0.43041,0.64234
215,0.54880,0.38019,0.41990,0.64622
216,0.55060,0.37307,0.39724,0.65898
217,0.54800,0.37731,0.33041,0.65464
218,0.54323,0.37675,0.32680,0.64511
219,0.55906,0.39287,0.33343,0.63523
220,0.56120,0.42757,0.30071,0.65032
221,0.55499,0.41764,0.30300,0.63340
222,0.54558,0.40294,0.28151,0.62620
223,0.54799,0.41617,0.30340,0.62086
224,0.54307,0.41701,0.30458,0.61668
225,0.55004,0.41901,0.30631,0.61533
226,0.55576,0.41607,0.29616,0.62014
227,0.55437,0.39333,0.31236,0.62164
228,0.55091,0.38679,0.31535,0.60539
229,0.54744,0.38404,0.31785,0.61382
230,0.54613,0.37735,0.31190,0.61800
231,0.54609,0.35652,0.30723,0.62010
232,0.53120,0.35801,0.30001,0.60854
233,0.53006,0.35284,0.29731,0.59635
234,0.52400,0.34228,0.28624,0.58980
235,0.52124,0.31911,0.28637,0.58873
236,0.51765,0.33391,0.28474,0.59211
237,0.51467,0.31240,0.28540,0.59063
238,0.49599,0.32147,0.29946,0.57209
239,0.51279,0.32151,0.29897,0.53450
240,0.52559,0.31903,0.30442,0.52334
241,0.51964,0.31490,0.32056,0.51146
242,0.51700,0.31925,0.32297,0.48911
243,0.51775,0.32029,0.31958,0.48835
244,0.51270,0.33416,0.30842,0.50773
245,0.51303,0.32582,0.29569,0.50600
246,0.51637,0.33048,0.28633,0.49477
247,0.51900,0.31939,0.29842,0.49310
248,0.51896,0.32958,0.30430,0.50958
249,0.51930,0.32408,0.30843,0.50906
250,0.50527,0.33178,0.31383,0.51537
251,0.50074,0.34102,0.30837,0.52604
252,0.48318,0.34345,0.33025,0.53096
253,0.44506,0.34062,0.34603,0.52553
254,0.44084,0.34822,0.34469,0.51578
255,0.45972,0.36114,0.34279,0.50378
256,0.43859,0.35811,0.33618,0.50897
257,0.41320,0.35472,0.33290,0.51527
258,0.42892,0.35769,0.33540,0.50713
259,0.45388,0.36620,0.31847,0.51291
260,0.45757,0.37100,0.31361,0.50254
261,0.45479,0.36952,0.33903,0.48964
262,0.43802,0.37468,0.35295,0.47918
263,0.44798,0.34576,0.35461,0.48146
264,0.44197,0.33034,0.34976,0.48073
265,0.45100,0.32630,0.34580,0.47728
266,0.44951,0.31505,0.34544,0.48248
267,0.44609,0.31818,0.34099,0.46989
268,0.44837,0.32053,0.33771,0.48102
269,0.44168,0.31967,0.33503,0.49337
270,0.42162,0.32217,0.34422,0.50194
271,0.41812,0.33049,0.34048,0.50596
272,0.41803,0.33068,0.34281,0.50992
273,0.41761,0.33218,0.35243,0.51324
274,0.43135,0.33082,0.34329,0.50743
275,0.42183,0.31866,0.35420,0.49898
276,0.42350,0.32282,0.35436,0.50664
277,0.42149,0.32504,0.36120,0.51402
278,0.41322,0.33088,0.36165,0.51140
279,0.41722,0.34323,0.35999,0.51092
280,0.42098,0.34141,0.35658,0.49938
281,0.42053,0.34129,0.35339,0.52127
282,0.41764,0.33485,0.34551,0.51907
283,0.42114,0.32669,0.34380,0.51152
284,0.41910,0.32908,0.30954,0.51247
285,0.41646,0.34001,0.31309,0.51963
286,0.40899,0.33722,0.31912,0.51887
287,0.40209,0.33525,0.31538,0.52295
288,0.37613,0.33627,0.31883,0.53343
289,0.34706,0.33410,0.31721,0.52956
290,0.36217,0.33139,0.31962,0.52182
291,0.35280,0.32914,0.29976,0.51424
292,0.35322,0.33325,0.29676,0.51604
293,0.38636,0.33528,0.29128,0.52426
294,0.37333,0.33352,0.30013,0.51088
295,0.36085,0.33424,0.29353,0.51231
296,0.35711,0.33628,0.29648,0.51269
297,0.35297,0.33555,0.29767,0.51917
298,0.33090,0.33243,0.29536,0.50390
299,0.32871,0.31360,0.29321,0.50323
300,0.34299,0.31525,0.29555,0.50951
301,0.33739,0.31556,0.29312,0.50906
302,0.32824,0.31480,0.27903,0.51364
303,0.31514,0.32803,0.28564,0.51812
304,0.28973,0.32901,0.28603,0.51537
305,0.28445,0.32803,0.31630,0.52033
306,0.28795,0.32568,0.32151,0.52052
307,0.29391,0.32500,0.32177,0.52018
308,0.31227,0.32628,0.33113,0.51269
309,0.31871,0.32664,0.29856,0.50976
310,0.31622,0.32627,0.29976,0.50860
311,0.31888,0.32565,0.29163,0.50876
312,0.33295,0.32656,0.29229,0.50521
313,0.34539,0.32598,0.29790,0.50562
314,0.35322,0.32607,0.28763,0.50408
315,0.34771,0.32634,0.28957,0.51726
316,0.33687,0.32619,0.27943,0.51889
317,0.33676,0.31888,0.27401,0.55577
318,0.34477,0.31935,0.28744,0.58533
319,0.34247,0.32109,0.28615,0.62784
320,0.33587,0.32295,0.28019,0.61805
321,0.33941,0.32322,0.27825,0.62271
322,0.33551,0.32242,0.28428,0.63299
323,0.31486,0.32690,0.28289,0.62907
324,0.31499,0.32601,0.28804,0.63312
325,0.30470,0.32795,0.28932,0.64295
326,0.31110,0.33099,0.28775,0.62357
327,0.30840,0.32620,0.28593,0.62678
328,0.31249,0.32236,0.28153,0.62258
329,0.29394,0.32347,0.29069,0.62992
330,0.30364,0.32257,0.30115,0.62068
331,0.29710,0.32182,0.29841,0.62024
332,0.28581,0.31913,0.29538,0.65105
333,0.28570,0.28381,0.28929,0.63888
334,0.28668,0.28200,0.28747,0.64009
335,0.29047,0.27983,0.28765,0.64451
336,0.29853,0.28009,0.28359,0.63432
337,0.30812,0.28285,0.28189,0.62893
338,0.30146,0.24400,0.28363,0.62802
339,0.30461,0.21983,0.28705,0.61388
340,0.32038,0.23163,0.28394,0.61827
341,0.32205,0.21912,0.28234,0.61870
342,0.32409,0.21842,0.28518,0.61601
343,0.37235,0.19380,0.28955,0.62631
344,0.37175,0.20095,0.28636,0.60634
345,0.35103,0.18840,0.28326,
346,0.33305,0.19228,0.28180,
347,0.34382,0.21428,0.28390,
348,0.34143,0.21583,0.28438,
349,0.32942,0.20230,0.28968,
350,0.33272,0.21120,0.28636,
351,0.31384,0.20869,0.29752,
352,0.30905,0.19572,0.30791,
353,0.31055,0.19821,0.30026,
354,0.32405,0.18887,0.30506,
355,0.33217,0.17881,0.30802,
356,0.33196,0.17174,0.30524,
357,0.32383,0.17352,0.30338,
358,0.32560,0.18026,0.30328,
359,0.33297,0.17380,0.29831,
360,0.33136,0.17070,0.29905,
361,0.33367,0.17428,0.31325,
362,0.33404,0.16600,0.31512,
363,0.33742,0.16288,0.31013,
364,0.33122,0.16217,0.30453,
365,0.32499,0.16269,0.27422,
366,0.33344,0.17816,0.23331,
367,0.33054,0.18633,0.25971,
368,0.33186,0.18827,0.25047,
369,0.32003,0.20711,0.24831,
370,0.30936,0.19547,0.24164,
371,0.30652,0.20188,0.24621,
372,0.30715,0.20074,0.24956,
373,0.31120,0.20570,0.24666,
374,0.30772,0.19152,0.24689,
375,0.31375,0.19387,0.24668,
376,0.30583,0.18255,0.24720,
377,0.28954,0.19760,0.24054,
378,0.28222,0.19466,0.23360,
379,0.27624,0.19477,0.23945,
380,0.28041,0.18773,0.24539,
381,0.29082,0.19389,0.24553,
382,0.28283,0.19848,0.24462,
383,0.29239,0.19268,0.24353,
384,0.29613,0.19488,0.24335,
385,0.28463,0.19341,0.24004,
386,0.28107,0.20600,0.24345,
387,0.29007,0.20371,0.25432,
388,0.27840,0.20329,0.25112,
389,0.27932,0.20388,0.25281,
390,0.27585,0.18472,0.25021,
391,0.27353,0.18452,0.25350,
392,0.28254,0.18416,0.25112,
393,0.27735,0.17864,0.25274,
394,0.27838,0.18670,0.24945,
395,0.25169,0.18234,0.25512,
396,0.23203,0.18365,0.25371,
397,0.24231,0.18534,0.25353,
398,0.25336,0.18377,0.25309,
399,0.26216,0.18774,0.25459,
400,0.25054,0.18015,0.26317,
401,0.25773,0.18002,0.26368,
402,0.24339,0.18214,0.25679,
403,0.23680,0.18085,0.24586,
404,0.23668,0.18164,0.24836,
405,0.19746,0.18133,0.24838,
406,0.15476,0.18111,0.24317,
407,0.18710,0.18012,0.25024,
408,0.18291,0.17490,0.24874,
409,0.17607,0.17290,0.24895,
410,0.18603,0.17504,0.24845,
411,0.19111,0.17363,0.24929,
412,0.18673,0.17541,0.24910,
413,0.20081,0.17627,0.24992,
414,0.20587,0.17377,0.24724,
415,0.20542,0.17369,0.24483,
416,0.21947,0.17446,0.24623,
417,0.22426,0.17146,0.24568,
418,0.24138,0.17102,0.24465,
419,0.23328,0.18393,0.24587,
420,0.20771,0.18438,0.24709,
421,0.20614,0.18543,0.24681,
422,0.20168,0.18282,0.24945,
423,0.19149,0.18268,0.24910,
424,0.20011,0.18208,0.25107,
425,0.21155,0.18136,0.25085,
426,0.20070,0.18151,0.25257,
427,0.19982,0.18252,0.25440,
428,0.19121,0.18445,0.25812,
429,0.19625,0.19684,0.26404,
430,0.20146,0.19834,0.27938,
431,0.19740,0.20018,0.29417,
432,0.19452,0.19818,0.31108,
433,0.19463,0.20103,0.30908,
434,0.19340,0.20927,0.31359,
435,0.19612,0.19114,0.31356,
436,0.20843,0.19460,0.30662,
437,0.22700,0.19328,0.31198,
438,0.20657,0.19345,0.33551,
439,0.20714,0.19312,0.33762,
440,0.21491,0.19402,0.33633,
441,0.20794,0.19397,0.33948,
442,0.21312,0.19258,0.33477,
443,0.21634,0.18829,0.34215,
444,0.21640,0.19552,0.34066,
445,0.20855,0.19613,0.34157,
446,0.21064,0.19632,0.34066,
447,0.21135,0.19548,0.35200,
448,0.20991,0.19910,0.33756,
449,0.20886,0.19877,0.34246,
450,0.22479,0.19610,0.35130,
451,0.22464,0.19648,0.34802,
452,0.22966,0.19612,0.34713,
453,0.24347,0.19622,0.34579,
454,0.24910,0.19867,0.33990,
455,0.24094,0.20314,0.33676,
456,0.24342,0.20199,0.34447,
457,0.24082,0.20210,0.33961,
458,0.24354,0.20347,0.32303,
459,0.24260,0.20522,0.32011,
460,0.25564,0.20245,0.32372,
461,0.25757,0.20284,0.32235,
462,0.26142,0.20273,0.32274,
463,0.26063,0.20217,0.32902,
464,0.25192,0.19899,0.35985,
465,0.24989,0.19947,0.35152,
466,0.25312,0.20504,0.36433,
467,0.25675,0.20422,0.36476,
468,0.25134,0.20822,0.36077,
469,0.22670,0.20834,0.36715,
470,0.23093,0.20846,0.36126,
471,0.23170,0.21071,0.35776,
472,0.23013,0.24967,0.35400,
473,0.23693,0.25255,0.34313,
474,0.23506,0.25006,0.34290,
475,0.21749,0.25627,0.34856,
476,0.21739,0.25683,0.34799,
477,0.21987,0.26420,0.34269,
478,0.21797,0.26901,0.34957,
479,0.22313,0.26453,0.34749,
480,0.21408,0.27045,0.33091,
481,0.21881,0.25716,0.33067,
482,0.21562,0.25879,0.33194,
483,0.21780,0.25838,0.33186,
484,0.22348,0.26256,0.32831,
485,0.22454,0.25676,0.32130,
486,0.22375,0.26506,0.30129,
487,0.23007,0.26610,0.29967,
488,0.22589,0.26876,0.30478,
489,0.22454,0.26934,0.32670,
490,0.21660,0.27056,0.35762,
491,0.21487,0.26963,0.36672,
492,0.20783,0.27412,0.36140,
493,0.20918,0.28232,0.37078,
494,0.20895,0.27657,0.40642,
495,0.19870,0.26108,0.39954,
496,0.19363,0.26222,0.41730,
497,0.19676,0.26383,0.41210,
498,0.20133,0.26215,0.41712,
499,0.19630,0.26215,0.40481,
500,0.19684,0.26815,0.42030,
501,0.19674,0.27062,0.40662,
502,0.19816,0.27459,0.40699,
503,0.20701,0.28810,0.41529,
504,0.20602,0.29402,0.40205,
505,0.20788,0.29166,0.40396,
506,0.20394,0.28979,0.42032,
507,0.19952,0.29662,0.41488,
508,0.19429,0.30202,0.42218,
509,0.20030,0.31314,0.42188,
510,0.19873,0.32369,0.41696,
511,0.19884,0.37296,0.41235,
512,0.20823,0.35348,0.41625,
513,0.20508,0.39708,0.41738,
514,0.20754,0.40506,0.41529,
515,0.21188,0.41828,0.41362,
516,0.21057,0.40030,0.41403,
517,0.20796,0.37305,0.41986,
518,0.20220,0.37056,0.43954,
519,0.20894,0.41851,0.44783,
520,0.21533,0.40636,0.44288,
521,0.21385,0.40650,0.44966,
522,0.21211,0.39041,0.45097,
523,0.21345,0.40210,0.44923,
524,0.21341,0.40666,0.44880,
525,0.20843,0.41046,0.43631,
526,0.20878,0.44457,0.44960,
527,0.20925,0.44891,0.42635,
528,0.20778,0.44394,0.41828,
529,0.20879,0.44070,0.40408,
530,0.20520,0.42115,0.41200,
531,0.20439,0.43564,0.40871,
532,0.20635,0.43557,0.40745,
533,0.20755,0.44522,0.41904,
534,0.21175,0.41615,0.42025,
535,0.21055,0.38950,0.43626,
536,0.21209,0.39706,0.43456,
537,0.20883,0.39595,0.43264,
538,0.20864,0.40854,0.43472,
539,0.20900,0.40426,0.41626,
540,0.20879,0.38869,0.42478,
541,0.20851,0.40698,0.43003,
542,0.20511,0.40337,0.42723,
543,0.20217,0.41479,0.43755,
544,0.19674,0.41917,0.42788,
545,0.19853,0.44286,0.42584,
546,0.19844,0.45063,0.41052,
547,0.19696,0.45923,0.40926,
548,0.19801,0.47558,0.40932,
549,0.19839,0.46064,0.39955,
550,0.19685,0.47275,0.39640,
551,0.20158,0.48607,0.39740,
552,0.20210,0.51340,0.39854,
553,0.20141,0.54404,0.40318,
554,0.20229,0.54960,0.40013,
555,0.20249,0.56028,0.40569,
556,0.20531,0.59705,0.39743,
557,0.20486,0.65495,0.39812,
558,0.20864,0.56566,0.40125,
559,0.22154,0.62922,0.39645,
560,0.21849,0.60815,0.39766,
561,0.21941,0.55205,0.40311,
562,0.21570,0.53815,0.39000,
563,0.21639,0.54816,0.39212,
564,0.21526,0.60854,0.39561,
565,0.21765,0.56908,0.39760,
566,0.21515,0.55999,0.41600,
567,0.21187,0.57067,0.41108,
568,0.21354,0.58329,0.41030,
569,0.21408,0.62725,0.40298,
570,0.22163,0.64047,0.39717,
571,0.21945,0.61642,0.40353,
572,0.22614,0.57507,0.40093,
573,0.23248,0.60148,0.40210,
574,0.22736,0.57772,0.38178,
575,0.22446,0.52357,0.40292,
576,0.22564,0.55632,0.38997,
577,0.22954,0.48222,0.39267,
578,0.23905,0.49260,0.39192,
579,0.23714,0.54377,0.38292,
580,0.23479,0.53625,0.38357,
581,0.23841,0.55307,0.38357,
582,0.23762,0.53918,0.38318,
583,0.25161,0.52537,0.37159,
584,0.25897,0.50236,0.37842,
585,0.27445,0.49860,0.38986,
586,0.25786,0.50392,0.39256,
587,0.25353,0.50084,0.39019,
588,0.25193,0.48098,0.39647,
589,0.24542,0.48521,0.41908,
590,0.24677,0.48391,0.44564,
591,0.24438,0.48823,0.44347,
592,0.24255,0.51216,0.45362,
593,0.24593,0.52953,0.45230,
594,0.24376,0.53612,0.45109,
595,0.24474,0.55041,0.44796,
596,0.24390,0.55938,0.45405,
597,0.25491,0.60029,0.44571,
598,0.25509,0.58163,0.45099,
599,0.25844,0.60932,0.45134,
600,0.25942,0.60784,0.45278,
